output/USCC_256_sidebar/output/image_vectors/USCC181.jpg.npy,15
output/USCC_256_sidebar/output/image_vectors/USCC223.jpg.npy,3
output/USCC_256_sidebar/output/image_vectors/Sprint4.jpg.npy,15
output/USCC_256_sidebar/output/image_vectors/MetroPCS105.jpg.npy,6
output/USCC_256_sidebar/output/image_vectors/Sprint43.jpg.npy,3
output/USCC_256_sidebar/output/image_vectors/Sprint45.jpg.npy,15
output/USCC_256_sidebar/output/image_vectors/MetroPCS169.jpg.npy,6
output/USCC_256_sidebar/output/image_vectors/MetroPCS97.jpg.npy,15
output/USCC_256_sidebar/output/image_vectors/Verizon113.jpg.npy,17
output/USCC_256_sidebar/output/image_vectors/TMobile43.jpg.npy,8
output/USCC_256_sidebar/output/image_vectors/TMobile196.jpg.npy,18
output/USCC_256_sidebar/output/image_vectors/USCC83.jpg.npy,16
output/USCC_256_sidebar/output/image_vectors/MetroPCS126.jpg.npy,6
output/USCC_256_sidebar/output/image_vectors/TMobile214.jpg.npy,2
output/USCC_256_sidebar/output/image_vectors/USCC145.jpg.npy,4
output/USCC_256_sidebar/output/image_vectors/USCC199.jpg.npy,4
output/USCC_256_sidebar/output/image_vectors/MetroPCS53.jpg.npy,12
output/USCC_256_sidebar/output/image_vectors/TMobile171.jpg.npy,12
output/USCC_256_sidebar/output/image_vectors/TMobile256.jpg.npy,18
output/USCC_256_sidebar/output/image_vectors/uscell_new_21.jpg.npy,12
output/USCC_256_sidebar/output/image_vectors/TMobile104.jpg.npy,14
output/USCC_256_sidebar/output/image_vectors/USCC98.jpg.npy,19
output/USCC_256_sidebar/output/image_vectors/TMobile198.jpg.npy,13
output/USCC_256_sidebar/output/image_vectors/TMobile300.jpg.npy,14
output/USCC_256_sidebar/output/image_vectors/Verizon157.jpg.npy,15
output/USCC_256_sidebar/output/image_vectors/Verizon68.jpg.npy,8
output/USCC_256_sidebar/output/image_vectors/MetroPCS7.jpg.npy,12
output/USCC_256_sidebar/output/image_vectors/MetroPCS5.jpg.npy,7
output/USCC_256_sidebar/output/image_vectors/USCC237.jpg.npy,10
output/USCC_256_sidebar/output/image_vectors/TMobile211.jpg.npy,3
output/USCC_256_sidebar/output/image_vectors/USCC238.jpg.npy,13
output/USCC_256_sidebar/output/image_vectors/USCC30.jpg.npy,19
output/USCC_256_sidebar/output/image_vectors/Verizon35.jpg.npy,11
output/USCC_256_sidebar/output/image_vectors/USCC102.jpg.npy,19
output/USCC_256_sidebar/output/image_vectors/TMobile330.jpg.npy,9
output/USCC_256_sidebar/output/image_vectors/MetroPCS152.jpg.npy,7
output/USCC_256_sidebar/output/image_vectors/ATT70.jpg.npy,0
output/USCC_256_sidebar/output/image_vectors/ATT265.jpg.npy,2
output/USCC_256_sidebar/output/image_vectors/USCC72.jpg.npy,4
output/USCC_256_sidebar/output/image_vectors/USCC103.jpg.npy,10
output/USCC_256_sidebar/output/image_vectors/USCC12.jpg.npy,1
output/USCC_256_sidebar/output/image_vectors/MetroPCS116.jpg.npy,6
output/USCC_256_sidebar/output/image_vectors/USCC203.jpg.npy,2
output/USCC_256_sidebar/output/image_vectors/uscell_new_27.jpg.npy,19
output/USCC_256_sidebar/output/image_vectors/MetroPCS121.jpg.npy,7
output/USCC_256_sidebar/output/image_vectors/uscell_new_13.jpg.npy,13
output/USCC_256_sidebar/output/image_vectors/TMobile283.jpg.npy,19
output/USCC_256_sidebar/output/image_vectors/TMobile339.jpg.npy,14
output/USCC_256_sidebar/output/image_vectors/USCC48.jpg.npy,2
output/USCC_256_sidebar/output/image_vectors/ATT36.jpg.npy,1
output/USCC_256_sidebar/output/image_vectors/TMobile153.jpg.npy,12
output/USCC_256_sidebar/output/image_vectors/MetroPCS174.jpg.npy,8
output/USCC_256_sidebar/output/image_vectors/Sprint95.jpg.npy,2
output/USCC_256_sidebar/output/image_vectors/TMobile68.jpg.npy,9
output/USCC_256_sidebar/output/image_vectors/ATT154.jpg.npy,13
output/USCC_256_sidebar/output/image_vectors/Sprint50.jpg.npy,15
output/USCC_256_sidebar/output/image_vectors/MetroPCS133.jpg.npy,15
output/USCC_256_sidebar/output/image_vectors/ATT243.jpg.npy,19
output/USCC_256_sidebar/output/image_vectors/ATT28.jpg.npy,0
output/USCC_256_sidebar/output/image_vectors/Sprint153.jpg.npy,15
output/USCC_256_sidebar/output/image_vectors/USCC231.jpg.npy,19
output/USCC_256_sidebar/output/image_vectors/USCC136.jpg.npy,0
output/USCC_256_sidebar/output/image_vectors/MetroPCS187.jpg.npy,7
output/USCC_256_sidebar/output/image_vectors/ATT120.jpg.npy,12
output/USCC_256_sidebar/output/image_vectors/USCC198.jpg.npy,4
output/USCC_256_sidebar/output/image_vectors/Verizon10.jpg.npy,5
output/USCC_256_sidebar/output/image_vectors/Verizon52.jpg.npy,11
output/USCC_256_sidebar/output/image_vectors/TMobile213.jpg.npy,12
output/USCC_256_sidebar/output/image_vectors/Sprint120.jpg.npy,4
output/USCC_256_sidebar/output/image_vectors/TMobile131.jpg.npy,17
output/USCC_256_sidebar/output/image_vectors/USCC173.jpg.npy,13
output/USCC_256_sidebar/output/image_vectors/ATT144.jpg.npy,13
output/USCC_256_sidebar/output/image_vectors/ATT128.jpg.npy,18
output/USCC_256_sidebar/output/image_vectors/Verizon41.jpg.npy,5
output/USCC_256_sidebar/output/image_vectors/Sprint63.jpg.npy,15
output/USCC_256_sidebar/output/image_vectors/TMobile120.jpg.npy,17
output/USCC_256_sidebar/output/image_vectors/TMobile298.jpg.npy,9
output/USCC_256_sidebar/output/image_vectors/Verizon133.jpg.npy,3
output/USCC_256_sidebar/output/image_vectors/TMobile103.jpg.npy,14
output/USCC_256_sidebar/output/image_vectors/USCC50.jpg.npy,13
output/USCC_256_sidebar/output/image_vectors/TMobile165.jpg.npy,19
output/USCC_256_sidebar/output/image_vectors/MetroPCS68.jpg.npy,7
output/USCC_256_sidebar/output/image_vectors/USCC10.jpg.npy,13
output/USCC_256_sidebar/output/image_vectors/MetroPCS13.jpg.npy,7
output/USCC_256_sidebar/output/image_vectors/TMobile346.jpg.npy,9
output/USCC_256_sidebar/output/image_vectors/Sprint150.jpg.npy,10
output/USCC_256_sidebar/output/image_vectors/USCC70.jpg.npy,2
output/USCC_256_sidebar/output/image_vectors/USCC95.jpg.npy,19
output/USCC_256_sidebar/output/image_vectors/ATT22.jpg.npy,1
output/USCC_256_sidebar/output/image_vectors/USCC135.jpg.npy,8
output/USCC_256_sidebar/output/image_vectors/Verizon90.jpg.npy,11
output/USCC_256_sidebar/output/image_vectors/Verizon87.jpg.npy,8
output/USCC_256_sidebar/output/image_vectors/MetroPCS14.jpg.npy,2
output/USCC_256_sidebar/output/image_vectors/TMobile78.jpg.npy,12
output/USCC_256_sidebar/output/image_vectors/TMobile241.jpg.npy,9
output/USCC_256_sidebar/output/image_vectors/Verizon34.jpg.npy,17
output/USCC_256_sidebar/output/image_vectors/USCC33.jpg.npy,12
output/USCC_256_sidebar/output/image_vectors/ATT186.jpg.npy,1
output/USCC_256_sidebar/output/image_vectors/TMobile90.jpg.npy,9
output/USCC_256_sidebar/output/image_vectors/Verizon123.jpg.npy,8
output/USCC_256_sidebar/output/image_vectors/Verizon173.jpg.npy,11
output/USCC_256_sidebar/output/image_vectors/ATT117.jpg.npy,16
output/USCC_256_sidebar/output/image_vectors/TMobile371.jpg.npy,12
output/USCC_256_sidebar/output/image_vectors/TMobile158.jpg.npy,14
output/USCC_256_sidebar/output/image_vectors/TMobile306.jpg.npy,12
output/USCC_256_sidebar/output/image_vectors/Sprint77.jpg.npy,8
output/USCC_256_sidebar/output/image_vectors/Verizon159.jpg.npy,12
output/USCC_256_sidebar/output/image_vectors/MetroPCS85.jpg.npy,6
output/USCC_256_sidebar/output/image_vectors/ATT195.jpg.npy,1
output/USCC_256_sidebar/output/image_vectors/Sprint115.jpg.npy,15
output/USCC_256_sidebar/output/image_vectors/Verizon84.jpg.npy,5
output/USCC_256_sidebar/output/image_vectors/TMobile323.jpg.npy,8
output/USCC_256_sidebar/output/image_vectors/USCC114.jpg.npy,13
output/USCC_256_sidebar/output/image_vectors/MetroPCS138.jpg.npy,2
output/USCC_256_sidebar/output/image_vectors/MetroPCS146.jpg.npy,7
output/USCC_256_sidebar/output/image_vectors/Sprint42.jpg.npy,16
output/USCC_256_sidebar/output/image_vectors/Verizon33.jpg.npy,11
output/USCC_256_sidebar/output/image_vectors/TMobile67.jpg.npy,14
output/USCC_256_sidebar/output/image_vectors/USCC20.jpg.npy,15
output/USCC_256_sidebar/output/image_vectors/ATT96.jpg.npy,16
output/USCC_256_sidebar/output/image_vectors/USCC121.jpg.npy,19
output/USCC_256_sidebar/output/image_vectors/MetroPCS144.jpg.npy,6
output/USCC_256_sidebar/output/image_vectors/Sprint15.jpg.npy,3
output/USCC_256_sidebar/output/image_vectors/ATT64.jpg.npy,13
output/USCC_256_sidebar/output/image_vectors/USCC65.jpg.npy,13
output/USCC_256_sidebar/output/image_vectors/TMobile315.jpg.npy,15
output/USCC_256_sidebar/output/image_vectors/TMobile287.jpg.npy,17
output/USCC_256_sidebar/output/image_vectors/MetroPCS221.jpg.npy,7
output/USCC_256_sidebar/output/image_vectors/Sprint134.jpg.npy,15
output/USCC_256_sidebar/output/image_vectors/uscell_new_10.jpg.npy,13
output/USCC_256_sidebar/output/image_vectors/MetroPCS201.jpg.npy,15
output/USCC_256_sidebar/output/image_vectors/Sprint112.jpg.npy,0
output/USCC_256_sidebar/output/image_vectors/TMobile65.jpg.npy,2
output/USCC_256_sidebar/output/image_vectors/ATT133.jpg.npy,18
output/USCC_256_sidebar/output/image_vectors/TMobile16.jpg.npy,8
output/USCC_256_sidebar/output/image_vectors/USCC7.jpg.npy,4
output/USCC_256_sidebar/output/image_vectors/TMobile87.jpg.npy,19
output/USCC_256_sidebar/output/image_vectors/Sprint195.jpg.npy,2
output/USCC_256_sidebar/output/image_vectors/TMobile332.jpg.npy,14
output/USCC_256_sidebar/output/image_vectors/TMobile231.jpg.npy,19
output/USCC_256_sidebar/output/image_vectors/ATT176.jpg.npy,1
output/USCC_256_sidebar/output/image_vectors/TMobile377.jpg.npy,19
output/USCC_256_sidebar/output/image_vectors/MetroPCS59.jpg.npy,2
output/USCC_256_sidebar/output/image_vectors/Sprint12.jpg.npy,17
output/USCC_256_sidebar/output/image_vectors/MetroPCS26.jpg.npy,7
output/USCC_256_sidebar/output/image_vectors/ATT93.jpg.npy,16
output/USCC_256_sidebar/output/image_vectors/ATT216.jpg.npy,16
output/USCC_256_sidebar/output/image_vectors/MetroPCS66.jpg.npy,11
output/USCC_256_sidebar/output/image_vectors/USCC158.jpg.npy,13
output/USCC_256_sidebar/output/image_vectors/ATT107.jpg.npy,15
output/USCC_256_sidebar/output/image_vectors/ATT177.jpg.npy,13
output/USCC_256_sidebar/output/image_vectors/Verizon42.jpg.npy,15
output/USCC_256_sidebar/output/image_vectors/MetroPCS219.jpg.npy,2
output/USCC_256_sidebar/output/image_vectors/MetroPCS102.jpg.npy,6
output/USCC_256_sidebar/output/image_vectors/TMobile219.jpg.npy,9
output/USCC_256_sidebar/output/image_vectors/ATT225.jpg.npy,13
output/USCC_256_sidebar/output/image_vectors/Sprint73.jpg.npy,12
output/USCC_256_sidebar/output/image_vectors/uscell_new_1.jpg.npy,10
output/USCC_256_sidebar/output/image_vectors/MetroPCS87.jpg.npy,7
output/USCC_256_sidebar/output/image_vectors/ATT23.jpg.npy,1
output/USCC_256_sidebar/output/image_vectors/USCC104.jpg.npy,13
output/USCC_256_sidebar/output/image_vectors/ATT198.jpg.npy,16
output/USCC_256_sidebar/output/image_vectors/ATT26.jpg.npy,1
output/USCC_256_sidebar/output/image_vectors/USCC111.jpg.npy,3
output/USCC_256_sidebar/output/image_vectors/Sprint163.jpg.npy,15
output/USCC_256_sidebar/output/image_vectors/TMobile170.jpg.npy,14
output/USCC_256_sidebar/output/image_vectors/Sprint141.jpg.npy,4
output/USCC_256_sidebar/output/image_vectors/TMobile85.jpg.npy,9
output/USCC_256_sidebar/output/image_vectors/TMobile235.jpg.npy,9
output/USCC_256_sidebar/output/image_vectors/MetroPCS213.jpg.npy,15
output/USCC_256_sidebar/output/image_vectors/TMobile344.jpg.npy,14
output/USCC_256_sidebar/output/image_vectors/MetroPCS222.jpg.npy,2
output/USCC_256_sidebar/output/image_vectors/Verizon140.jpg.npy,8
output/USCC_256_sidebar/output/image_vectors/TMobile44.jpg.npy,2
output/USCC_256_sidebar/output/image_vectors/TMobile227.jpg.npy,14
output/USCC_256_sidebar/output/image_vectors/ATT142.jpg.npy,13
output/USCC_256_sidebar/output/image_vectors/Verizon161.jpg.npy,5
output/USCC_256_sidebar/output/image_vectors/ATT41.jpg.npy,16
output/USCC_256_sidebar/output/image_vectors/TMobile336.jpg.npy,13
output/USCC_256_sidebar/output/image_vectors/TMobile238.jpg.npy,9
output/USCC_256_sidebar/output/image_vectors/TMobile309.jpg.npy,13
output/USCC_256_sidebar/output/image_vectors/Verizon55.jpg.npy,3
output/USCC_256_sidebar/output/image_vectors/ATT220.jpg.npy,13
output/USCC_256_sidebar/output/image_vectors/ATT131.jpg.npy,16
output/USCC_256_sidebar/output/image_vectors/TMobile97.jpg.npy,15
output/USCC_256_sidebar/output/image_vectors/USCC36.jpg.npy,13
output/USCC_256_sidebar/output/image_vectors/TMobile26.jpg.npy,15
output/USCC_256_sidebar/output/image_vectors/TMobile333.jpg.npy,2
output/USCC_256_sidebar/output/image_vectors/ATT185.jpg.npy,13
output/USCC_256_sidebar/output/image_vectors/Verizon168.jpg.npy,10
output/USCC_256_sidebar/output/image_vectors/ATT219.jpg.npy,16
output/USCC_256_sidebar/output/image_vectors/MetroPCS204.jpg.npy,12
output/USCC_256_sidebar/output/image_vectors/USCC175.jpg.npy,2
output/USCC_256_sidebar/output/image_vectors/TMobile203.jpg.npy,12
output/USCC_256_sidebar/output/image_vectors/Verizon18.jpg.npy,0
output/USCC_256_sidebar/output/image_vectors/ATT102.jpg.npy,1
output/USCC_256_sidebar/output/image_vectors/Verizon96.jpg.npy,8
output/USCC_256_sidebar/output/image_vectors/TMobile208.jpg.npy,2
output/USCC_256_sidebar/output/image_vectors/ATT53.jpg.npy,17
output/USCC_256_sidebar/output/image_vectors/TMobile267.jpg.npy,1
output/USCC_256_sidebar/output/image_vectors/Sprint79.jpg.npy,6
output/USCC_256_sidebar/output/image_vectors/Verizon43.jpg.npy,19
output/USCC_256_sidebar/output/image_vectors/TMobile99.jpg.npy,9
output/USCC_256_sidebar/output/image_vectors/Sprint88.jpg.npy,15
output/USCC_256_sidebar/output/image_vectors/USCC46.jpg.npy,12
output/USCC_256_sidebar/output/image_vectors/TMobile86.jpg.npy,9
output/USCC_256_sidebar/output/image_vectors/Sprint172.jpg.npy,17
output/USCC_256_sidebar/output/image_vectors/TMobile250.jpg.npy,14
output/USCC_256_sidebar/output/image_vectors/Sprint131.jpg.npy,4
output/USCC_256_sidebar/output/image_vectors/ATT101.jpg.npy,18
output/USCC_256_sidebar/output/image_vectors/TMobile33.jpg.npy,18
output/USCC_256_sidebar/output/image_vectors/MetroPCS149.jpg.npy,6
output/USCC_256_sidebar/output/image_vectors/Verizon72.jpg.npy,8
output/USCC_256_sidebar/output/image_vectors/USCC209.jpg.npy,13
output/USCC_256_sidebar/output/image_vectors/TMobile275.jpg.npy,14
output/USCC_256_sidebar/output/image_vectors/uscell_new_12.jpg.npy,13
output/USCC_256_sidebar/output/image_vectors/ATT103.jpg.npy,16
output/USCC_256_sidebar/output/image_vectors/TMobile236.jpg.npy,12
output/USCC_256_sidebar/output/image_vectors/USCC189.jpg.npy,19
output/USCC_256_sidebar/output/image_vectors/TMobile8.jpg.npy,14
output/USCC_256_sidebar/output/image_vectors/Verizon22.jpg.npy,11
output/USCC_256_sidebar/output/image_vectors/ATT233.jpg.npy,16
output/USCC_256_sidebar/output/image_vectors/Sprint20.jpg.npy,17
output/USCC_256_sidebar/output/image_vectors/uscell_new_18.jpg.npy,12
output/USCC_256_sidebar/output/image_vectors/Verizon49.jpg.npy,11
output/USCC_256_sidebar/output/image_vectors/TMobile282.jpg.npy,9
output/USCC_256_sidebar/output/image_vectors/USCC57.jpg.npy,19
output/USCC_256_sidebar/output/image_vectors/ATT2.jpg.npy,16
output/USCC_256_sidebar/output/image_vectors/TMobile252.jpg.npy,18
output/USCC_256_sidebar/output/image_vectors/TMobile276.jpg.npy,9
output/USCC_256_sidebar/output/image_vectors/Sprint129.jpg.npy,4
output/USCC_256_sidebar/output/image_vectors/Sprint196.jpg.npy,4
output/USCC_256_sidebar/output/image_vectors/Verizon120.jpg.npy,11
output/USCC_256_sidebar/output/image_vectors/ATT192.jpg.npy,4
output/USCC_256_sidebar/output/image_vectors/USCC90.jpg.npy,4
output/USCC_256_sidebar/output/image_vectors/TMobile58.jpg.npy,12
output/USCC_256_sidebar/output/image_vectors/ATT191.jpg.npy,16
output/USCC_256_sidebar/output/image_vectors/ATT203.jpg.npy,1
output/USCC_256_sidebar/output/image_vectors/uscell_new_29.jpg.npy,9
output/USCC_256_sidebar/output/image_vectors/TMobile1.jpg.npy,9
output/USCC_256_sidebar/output/image_vectors/USCC150.jpg.npy,16
output/USCC_256_sidebar/output/image_vectors/USCC96.jpg.npy,4
output/USCC_256_sidebar/output/image_vectors/USCC232.jpg.npy,15
output/USCC_256_sidebar/output/image_vectors/Sprint16.jpg.npy,12
output/USCC_256_sidebar/output/image_vectors/TMobile37.jpg.npy,19
output/USCC_256_sidebar/output/image_vectors/USCC107.jpg.npy,4
output/USCC_256_sidebar/output/image_vectors/Sprint17.jpg.npy,15
output/USCC_256_sidebar/output/image_vectors/ATT200.jpg.npy,16
output/USCC_256_sidebar/output/image_vectors/MetroPCS170.jpg.npy,6
output/USCC_256_sidebar/output/image_vectors/ATT214.jpg.npy,16
output/USCC_256_sidebar/output/image_vectors/uscell_new_15.jpg.npy,12
output/USCC_256_sidebar/output/image_vectors/Sprint185.jpg.npy,10
output/USCC_256_sidebar/output/image_vectors/ATT99.jpg.npy,1
output/USCC_256_sidebar/output/image_vectors/TMobile66.jpg.npy,0
output/USCC_256_sidebar/output/image_vectors/MetroPCS131.jpg.npy,7
output/USCC_256_sidebar/output/image_vectors/Verizon119.jpg.npy,0
output/USCC_256_sidebar/output/image_vectors/Verizon31.jpg.npy,0
output/USCC_256_sidebar/output/image_vectors/USCC210.jpg.npy,19
output/USCC_256_sidebar/output/image_vectors/MetroPCS76.jpg.npy,2
output/USCC_256_sidebar/output/image_vectors/TMobile130.jpg.npy,12
output/USCC_256_sidebar/output/image_vectors/ATT184.jpg.npy,16
output/USCC_256_sidebar/output/image_vectors/MetroPCS57.jpg.npy,14
output/USCC_256_sidebar/output/image_vectors/MetroPCS52.jpg.npy,7
output/USCC_256_sidebar/output/image_vectors/ATT166.jpg.npy,1
output/USCC_256_sidebar/output/image_vectors/TMobile96.jpg.npy,18
output/USCC_256_sidebar/output/image_vectors/ATT97.jpg.npy,16
output/USCC_256_sidebar/output/image_vectors/MetroPCS212.jpg.npy,15
output/USCC_256_sidebar/output/image_vectors/TMobile343.jpg.npy,19
output/USCC_256_sidebar/output/image_vectors/Verizon76.jpg.npy,5
output/USCC_256_sidebar/output/image_vectors/Sprint89.jpg.npy,14
output/USCC_256_sidebar/output/image_vectors/Sprint161.jpg.npy,4
output/USCC_256_sidebar/output/image_vectors/Verizon17.jpg.npy,11
output/USCC_256_sidebar/output/image_vectors/TMobile240.jpg.npy,12
output/USCC_256_sidebar/output/image_vectors/Sprint103.jpg.npy,3
output/USCC_256_sidebar/output/image_vectors/TMobile363.jpg.npy,17
output/USCC_256_sidebar/output/image_vectors/Sprint93.jpg.npy,17
output/USCC_256_sidebar/output/image_vectors/MetroPCS220.jpg.npy,2
output/USCC_256_sidebar/output/image_vectors/MetroPCS180.jpg.npy,12
output/USCC_256_sidebar/output/image_vectors/USCC200.jpg.npy,3
output/USCC_256_sidebar/output/image_vectors/MetroPCS140.jpg.npy,7
output/USCC_256_sidebar/output/image_vectors/ATT52.jpg.npy,1
output/USCC_256_sidebar/output/image_vectors/ATT56.jpg.npy,16
output/USCC_256_sidebar/output/image_vectors/Verizon108.jpg.npy,11
output/USCC_256_sidebar/output/image_vectors/USCC219.jpg.npy,13
output/USCC_256_sidebar/output/image_vectors/TMobile156.jpg.npy,12
output/USCC_256_sidebar/output/image_vectors/MetroPCS2.jpg.npy,10
output/USCC_256_sidebar/output/image_vectors/Sprint154.jpg.npy,4
output/USCC_256_sidebar/output/image_vectors/TMobile281.jpg.npy,13
output/USCC_256_sidebar/output/image_vectors/USCC53.jpg.npy,4
output/USCC_256_sidebar/output/image_vectors/TMobile190.jpg.npy,4
output/USCC_256_sidebar/output/image_vectors/Verizon134.jpg.npy,5
output/USCC_256_sidebar/output/image_vectors/Verizon65.jpg.npy,5
output/USCC_256_sidebar/output/image_vectors/ATT194.jpg.npy,3
output/USCC_256_sidebar/output/image_vectors/Verizon32.jpg.npy,0
output/USCC_256_sidebar/output/image_vectors/Sprint187.jpg.npy,15
output/USCC_256_sidebar/output/image_vectors/USCC120.jpg.npy,2
output/USCC_256_sidebar/output/image_vectors/MetroPCS72.jpg.npy,6
output/USCC_256_sidebar/output/image_vectors/ATT242.jpg.npy,1
output/USCC_256_sidebar/output/image_vectors/Verizon145.jpg.npy,11
output/USCC_256_sidebar/output/image_vectors/uscell_new_8.jpg.npy,13
output/USCC_256_sidebar/output/image_vectors/Sprint21.jpg.npy,12
output/USCC_256_sidebar/output/image_vectors/Verizon83.jpg.npy,11
output/USCC_256_sidebar/output/image_vectors/MetroPCS45.jpg.npy,2
output/USCC_256_sidebar/output/image_vectors/Sprint84.jpg.npy,12
output/USCC_256_sidebar/output/image_vectors/TMobile167.jpg.npy,18
output/USCC_256_sidebar/output/image_vectors/ATT113.jpg.npy,1
output/USCC_256_sidebar/output/image_vectors/TMobile222.jpg.npy,14
output/USCC_256_sidebar/output/image_vectors/MetroPCS119.jpg.npy,14
output/USCC_256_sidebar/output/image_vectors/MetroPCS202.jpg.npy,7
output/USCC_256_sidebar/output/image_vectors/Verizon79.jpg.npy,11
output/USCC_256_sidebar/output/image_vectors/TMobile329.jpg.npy,14
output/USCC_256_sidebar/output/image_vectors/MetroPCS1.jpg.npy,6
output/USCC_256_sidebar/output/image_vectors/USCC151.jpg.npy,13
output/USCC_256_sidebar/output/image_vectors/USCC140.jpg.npy,19
output/USCC_256_sidebar/output/image_vectors/USCC124.jpg.npy,19
output/USCC_256_sidebar/output/image_vectors/USCC39.jpg.npy,10
output/USCC_256_sidebar/output/image_vectors/USCC229.jpg.npy,13
output/USCC_256_sidebar/output/image_vectors/Sprint102.jpg.npy,13
output/USCC_256_sidebar/output/image_vectors/TMobile334.jpg.npy,10
output/USCC_256_sidebar/output/image_vectors/MetroPCS20.jpg.npy,6
output/USCC_256_sidebar/output/image_vectors/Sprint121.jpg.npy,6
output/USCC_256_sidebar/output/image_vectors/Sprint162.jpg.npy,15
output/USCC_256_sidebar/output/image_vectors/uscell_new_19.jpg.npy,12
output/USCC_256_sidebar/output/image_vectors/MetroPCS129.jpg.npy,6
output/USCC_256_sidebar/output/image_vectors/MetroPCS101.jpg.npy,7
output/USCC_256_sidebar/output/image_vectors/USCC170.jpg.npy,13
output/USCC_256_sidebar/output/image_vectors/Sprint8.jpg.npy,13
output/USCC_256_sidebar/output/image_vectors/USCC234.jpg.npy,13
output/USCC_256_sidebar/output/image_vectors/Sprint174.jpg.npy,13
output/USCC_256_sidebar/output/image_vectors/Sprint156.jpg.npy,3
output/USCC_256_sidebar/output/image_vectors/TMobile182.jpg.npy,9
output/USCC_256_sidebar/output/image_vectors/USCC19.jpg.npy,8
output/USCC_256_sidebar/output/image_vectors/MetroPCS148.jpg.npy,6
output/USCC_256_sidebar/output/image_vectors/USCC167.jpg.npy,14
output/USCC_256_sidebar/output/image_vectors/TMobile82.jpg.npy,13
output/USCC_256_sidebar/output/image_vectors/ATT141.jpg.npy,13
output/USCC_256_sidebar/output/image_vectors/TMobile42.jpg.npy,19
output/USCC_256_sidebar/output/image_vectors/USCC18.jpg.npy,4
output/USCC_256_sidebar/output/image_vectors/ATT6.jpg.npy,1
output/USCC_256_sidebar/output/image_vectors/TMobile20.jpg.npy,1
output/USCC_256_sidebar/output/image_vectors/Sprint37.jpg.npy,2
output/USCC_256_sidebar/output/image_vectors/ATT137.jpg.npy,1
output/USCC_256_sidebar/output/image_vectors/ATT106.jpg.npy,13
output/USCC_256_sidebar/output/image_vectors/ATT46.jpg.npy,3
output/USCC_256_sidebar/output/image_vectors/USCC186.jpg.npy,4
output/USCC_256_sidebar/output/image_vectors/TMobile207.jpg.npy,12
output/USCC_256_sidebar/output/image_vectors/Sprint105.jpg.npy,3
output/USCC_256_sidebar/output/image_vectors/ATT175.jpg.npy,16
output/USCC_256_sidebar/output/image_vectors/MetroPCS236.jpg.npy,2
output/USCC_256_sidebar/output/image_vectors/Sprint167.jpg.npy,14
output/USCC_256_sidebar/output/image_vectors/TMobile223.jpg.npy,17
output/USCC_256_sidebar/output/image_vectors/ATT213.jpg.npy,16
output/USCC_256_sidebar/output/image_vectors/MetroPCS214.jpg.npy,4
output/USCC_256_sidebar/output/image_vectors/Sprint111.jpg.npy,15
output/USCC_256_sidebar/output/image_vectors/TMobile100.jpg.npy,18
output/USCC_256_sidebar/output/image_vectors/Sprint122.jpg.npy,8
output/USCC_256_sidebar/output/image_vectors/ATT155.jpg.npy,16
output/USCC_256_sidebar/output/image_vectors/ATT201.jpg.npy,1
output/USCC_256_sidebar/output/image_vectors/MetroPCS128.jpg.npy,7
output/USCC_256_sidebar/output/image_vectors/TMobile129.jpg.npy,2
output/USCC_256_sidebar/output/image_vectors/USCC106.jpg.npy,19
output/USCC_256_sidebar/output/image_vectors/Verizon130.jpg.npy,5
output/USCC_256_sidebar/output/image_vectors/USCC206.jpg.npy,4
output/USCC_256_sidebar/output/image_vectors/ATT129.jpg.npy,13
output/USCC_256_sidebar/output/image_vectors/ATT29.jpg.npy,0
output/USCC_256_sidebar/output/image_vectors/USCC129.jpg.npy,13
output/USCC_256_sidebar/output/image_vectors/ATT262.jpg.npy,13
output/USCC_256_sidebar/output/image_vectors/USCC157.jpg.npy,2
output/USCC_256_sidebar/output/image_vectors/Verizon23.jpg.npy,4
output/USCC_256_sidebar/output/image_vectors/MetroPCS200.jpg.npy,7
output/USCC_256_sidebar/output/image_vectors/TMobile60.jpg.npy,12
output/USCC_256_sidebar/output/image_vectors/Verizon82.jpg.npy,11
output/USCC_256_sidebar/output/image_vectors/Sprint74.jpg.npy,12
output/USCC_256_sidebar/output/image_vectors/ATT73.jpg.npy,1
output/USCC_256_sidebar/output/image_vectors/TMobile314.jpg.npy,15
output/USCC_256_sidebar/output/image_vectors/MetroPCS185.jpg.npy,6
output/USCC_256_sidebar/output/image_vectors/USCC37.jpg.npy,19
output/USCC_256_sidebar/output/image_vectors/Sprint39.jpg.npy,4
output/USCC_256_sidebar/output/image_vectors/ATT217.jpg.npy,1
output/USCC_256_sidebar/output/image_vectors/USCC118.jpg.npy,19
output/USCC_256_sidebar/output/image_vectors/USCC184.jpg.npy,19
output/USCC_256_sidebar/output/image_vectors/USCC196.jpg.npy,4
output/USCC_256_sidebar/output/image_vectors/TMobile201.jpg.npy,18
output/USCC_256_sidebar/output/image_vectors/uscell_new_17.jpg.npy,12
output/USCC_256_sidebar/output/image_vectors/MetroPCS137.jpg.npy,6
output/USCC_256_sidebar/output/image_vectors/Sprint49.jpg.npy,17
output/USCC_256_sidebar/output/image_vectors/Verizon88.jpg.npy,5
output/USCC_256_sidebar/output/image_vectors/Verizon162.jpg.npy,11
output/USCC_256_sidebar/output/image_vectors/ATT148.jpg.npy,16
output/USCC_256_sidebar/output/image_vectors/Verizon54.jpg.npy,12
output/USCC_256_sidebar/output/image_vectors/TMobile364.jpg.npy,18
output/USCC_256_sidebar/output/image_vectors/TMobile285.jpg.npy,12
output/USCC_256_sidebar/output/image_vectors/USCC6.jpg.npy,1
output/USCC_256_sidebar/output/image_vectors/Verizon69.jpg.npy,8
output/USCC_256_sidebar/output/image_vectors/Verizon7.jpg.npy,11
output/USCC_256_sidebar/output/image_vectors/ATT156.jpg.npy,2
output/USCC_256_sidebar/output/image_vectors/TMobile192.jpg.npy,9
output/USCC_256_sidebar/output/image_vectors/ATT181.jpg.npy,1
output/USCC_256_sidebar/output/image_vectors/Verizon28.jpg.npy,0
output/USCC_256_sidebar/output/image_vectors/TMobile348.jpg.npy,9
output/USCC_256_sidebar/output/image_vectors/MetroPCS177.jpg.npy,4
output/USCC_256_sidebar/output/image_vectors/Verizon85.jpg.npy,0
output/USCC_256_sidebar/output/image_vectors/Sprint193.jpg.npy,8
output/USCC_256_sidebar/output/image_vectors/Verizon30.jpg.npy,0
output/USCC_256_sidebar/output/image_vectors/MetroPCS181.jpg.npy,15
output/USCC_256_sidebar/output/image_vectors/TMobile11.jpg.npy,6
output/USCC_256_sidebar/output/image_vectors/USCC3.jpg.npy,2
output/USCC_256_sidebar/output/image_vectors/Verizon37.jpg.npy,5
output/USCC_256_sidebar/output/image_vectors/TMobile295.jpg.npy,2
output/USCC_256_sidebar/output/image_vectors/Sprint94.jpg.npy,3
output/USCC_256_sidebar/output/image_vectors/MetroPCS29.jpg.npy,7
output/USCC_256_sidebar/output/image_vectors/USCC13.jpg.npy,4
output/USCC_256_sidebar/output/image_vectors/TMobile10.jpg.npy,18
output/USCC_256_sidebar/output/image_vectors/TMobile9.jpg.npy,14
output/USCC_256_sidebar/output/image_vectors/MetroPCS75.jpg.npy,12
output/USCC_256_sidebar/output/image_vectors/TMobile191.jpg.npy,13
output/USCC_256_sidebar/output/image_vectors/Verizon81.jpg.npy,5
output/USCC_256_sidebar/output/image_vectors/ATT212.jpg.npy,16
output/USCC_256_sidebar/output/image_vectors/Verizon158.jpg.npy,11
output/USCC_256_sidebar/output/image_vectors/USCC208.jpg.npy,4
output/USCC_256_sidebar/output/image_vectors/TMobile326.jpg.npy,9
output/USCC_256_sidebar/output/image_vectors/TMobile185.jpg.npy,18
output/USCC_256_sidebar/output/image_vectors/MetroPCS192.jpg.npy,18
output/USCC_256_sidebar/output/image_vectors/MetroPCS48.jpg.npy,17
output/USCC_256_sidebar/output/image_vectors/Verizon86.jpg.npy,11
output/USCC_256_sidebar/output/image_vectors/TMobile72.jpg.npy,19
output/USCC_256_sidebar/output/image_vectors/Sprint128.jpg.npy,13
output/USCC_256_sidebar/output/image_vectors/Sprint140.jpg.npy,17
output/USCC_256_sidebar/output/image_vectors/USCC31.jpg.npy,12
output/USCC_256_sidebar/output/image_vectors/USCC185.jpg.npy,13
output/USCC_256_sidebar/output/image_vectors/TMobile268.jpg.npy,1
output/USCC_256_sidebar/output/image_vectors/Sprint22.jpg.npy,0
output/USCC_256_sidebar/output/image_vectors/MetroPCS62.jpg.npy,6
output/USCC_256_sidebar/output/image_vectors/Verizon101.jpg.npy,5
output/USCC_256_sidebar/output/image_vectors/USCC214.jpg.npy,19
output/USCC_256_sidebar/output/image_vectors/Verizon75.jpg.npy,11
output/USCC_256_sidebar/output/image_vectors/TMobile135.jpg.npy,9
output/USCC_256_sidebar/output/image_vectors/Sprint180.jpg.npy,4
output/USCC_256_sidebar/output/image_vectors/ATT104.jpg.npy,13
output/USCC_256_sidebar/output/image_vectors/MetroPCS130.jpg.npy,7
output/USCC_256_sidebar/output/image_vectors/TMobile180.jpg.npy,9
output/USCC_256_sidebar/output/image_vectors/Verizon139.jpg.npy,0
output/USCC_256_sidebar/output/image_vectors/TMobile321.jpg.npy,17
output/USCC_256_sidebar/output/image_vectors/USCC17.jpg.npy,13
output/USCC_256_sidebar/output/image_vectors/TMobile74.jpg.npy,14
output/USCC_256_sidebar/output/image_vectors/Verizon129.jpg.npy,15
output/USCC_256_sidebar/output/image_vectors/Sprint66.jpg.npy,15
output/USCC_256_sidebar/output/image_vectors/TMobile262.jpg.npy,4
output/USCC_256_sidebar/output/image_vectors/TMobile144.jpg.npy,2
output/USCC_256_sidebar/output/image_vectors/USCC68.jpg.npy,19
output/USCC_256_sidebar/output/image_vectors/ATT136.jpg.npy,1
output/USCC_256_sidebar/output/image_vectors/USCC134.jpg.npy,4
output/USCC_256_sidebar/output/image_vectors/USCC35.jpg.npy,19
output/USCC_256_sidebar/output/image_vectors/Sprint19.jpg.npy,15
output/USCC_256_sidebar/output/image_vectors/ATT147.jpg.npy,1
output/USCC_256_sidebar/output/image_vectors/USCC75.jpg.npy,19
output/USCC_256_sidebar/output/image_vectors/TMobile173.jpg.npy,1
output/USCC_256_sidebar/output/image_vectors/ATT59.jpg.npy,1
output/USCC_256_sidebar/output/image_vectors/TMobile320.jpg.npy,4
output/USCC_256_sidebar/output/image_vectors/USCC191.jpg.npy,3
output/USCC_256_sidebar/output/image_vectors/ATT204.jpg.npy,13
output/USCC_256_sidebar/output/image_vectors/MetroPCS99.jpg.npy,15
output/USCC_256_sidebar/output/image_vectors/USCC109.jpg.npy,4
output/USCC_256_sidebar/output/image_vectors/USCC32.jpg.npy,4
output/USCC_256_sidebar/output/image_vectors/ATT196.jpg.npy,16
output/USCC_256_sidebar/output/image_vectors/TMobile53.jpg.npy,17
output/USCC_256_sidebar/output/image_vectors/USCC131.jpg.npy,4
output/USCC_256_sidebar/output/image_vectors/Verizon4.jpg.npy,0
output/USCC_256_sidebar/output/image_vectors/USCC163.jpg.npy,10
output/USCC_256_sidebar/output/image_vectors/USCC160.jpg.npy,4
output/USCC_256_sidebar/output/image_vectors/MetroPCS41.jpg.npy,17
output/USCC_256_sidebar/output/image_vectors/Sprint194.jpg.npy,14
output/USCC_256_sidebar/output/image_vectors/TMobile280.jpg.npy,9
output/USCC_256_sidebar/output/image_vectors/Sprint78.jpg.npy,3
output/USCC_256_sidebar/output/image_vectors/ATT160.jpg.npy,1
output/USCC_256_sidebar/output/image_vectors/MetroPCS224.jpg.npy,6
output/USCC_256_sidebar/output/image_vectors/TMobile286.jpg.npy,14
output/USCC_256_sidebar/output/image_vectors/USCC138.jpg.npy,15
output/USCC_256_sidebar/output/image_vectors/TMobile259.jpg.npy,9
output/USCC_256_sidebar/output/image_vectors/ATT259.jpg.npy,1
output/USCC_256_sidebar/output/image_vectors/Sprint147.jpg.npy,12
output/USCC_256_sidebar/output/image_vectors/uscell_new_14.jpg.npy,12
output/USCC_256_sidebar/output/image_vectors/ATT111.jpg.npy,1
output/USCC_256_sidebar/output/image_vectors/Sprint175.jpg.npy,17
output/USCC_256_sidebar/output/image_vectors/ATT67.jpg.npy,1
output/USCC_256_sidebar/output/image_vectors/Sprint184.jpg.npy,12
output/USCC_256_sidebar/output/image_vectors/ATT187.jpg.npy,16
output/USCC_256_sidebar/output/image_vectors/Verizon114.jpg.npy,5
output/USCC_256_sidebar/output/image_vectors/TMobile270.jpg.npy,12
output/USCC_256_sidebar/output/image_vectors/Sprint69.jpg.npy,17
output/USCC_256_sidebar/output/image_vectors/TMobile375.jpg.npy,9
output/USCC_256_sidebar/output/image_vectors/Sprint173.jpg.npy,0
output/USCC_256_sidebar/output/image_vectors/ATT253.jpg.npy,13
output/USCC_256_sidebar/output/image_vectors/MetroPCS94.jpg.npy,2
output/USCC_256_sidebar/output/image_vectors/TMobile254.jpg.npy,19
output/USCC_256_sidebar/output/image_vectors/ATT143.jpg.npy,8
output/USCC_256_sidebar/output/image_vectors/ATT27.jpg.npy,1
output/USCC_256_sidebar/output/image_vectors/ATT51.jpg.npy,1
output/USCC_256_sidebar/output/image_vectors/Verizon131.jpg.npy,11
output/USCC_256_sidebar/output/image_vectors/ATT18.jpg.npy,1
output/USCC_256_sidebar/output/image_vectors/Verizon67.jpg.npy,5
output/USCC_256_sidebar/output/image_vectors/Verizon126.jpg.npy,11
output/USCC_256_sidebar/output/image_vectors/USCC54.jpg.npy,19
output/USCC_256_sidebar/output/image_vectors/Sprint178.jpg.npy,13
output/USCC_256_sidebar/output/image_vectors/Sprint29.jpg.npy,12
output/USCC_256_sidebar/output/image_vectors/ATT246.jpg.npy,16
output/USCC_256_sidebar/output/image_vectors/USCC14.jpg.npy,19
output/USCC_256_sidebar/output/image_vectors/TMobile83.jpg.npy,14
output/USCC_256_sidebar/output/image_vectors/ATT75.jpg.npy,1
output/USCC_256_sidebar/output/image_vectors/TMobile172.jpg.npy,12
output/USCC_256_sidebar/output/image_vectors/ATT126.jpg.npy,16
output/USCC_256_sidebar/output/image_vectors/USCC179.jpg.npy,2
output/USCC_256_sidebar/output/image_vectors/TMobile94.jpg.npy,12
output/USCC_256_sidebar/output/image_vectors/TMobile95.jpg.npy,18
output/USCC_256_sidebar/output/image_vectors/USCC137.jpg.npy,4
output/USCC_256_sidebar/output/image_vectors/TMobile197.jpg.npy,14
output/USCC_256_sidebar/output/image_vectors/TMobile98.jpg.npy,15
output/USCC_256_sidebar/output/image_vectors/Verizon47.jpg.npy,11
output/USCC_256_sidebar/output/image_vectors/ATT134.jpg.npy,16
output/USCC_256_sidebar/output/image_vectors/Verizon169.jpg.npy,11
output/USCC_256_sidebar/output/image_vectors/ATT55.jpg.npy,16
output/USCC_256_sidebar/output/image_vectors/TMobile34.jpg.npy,9
output/USCC_256_sidebar/output/image_vectors/TMobile264.jpg.npy,9
output/USCC_256_sidebar/output/image_vectors/MetroPCS151.jpg.npy,7
output/USCC_256_sidebar/output/image_vectors/Sprint151.jpg.npy,4
output/USCC_256_sidebar/output/image_vectors/uscell_new_23.jpg.npy,2
output/USCC_256_sidebar/output/image_vectors/TMobile36.jpg.npy,9
output/USCC_256_sidebar/output/image_vectors/Verizon56.jpg.npy,10
output/USCC_256_sidebar/output/image_vectors/Verizon112.jpg.npy,19
output/USCC_256_sidebar/output/image_vectors/uscell_new_11.jpg.npy,13
output/USCC_256_sidebar/output/image_vectors/MetroPCS184.jpg.npy,7
output/USCC_256_sidebar/output/image_vectors/TMobile325.jpg.npy,2
output/USCC_256_sidebar/output/image_vectors/TMobile105.jpg.npy,14
output/USCC_256_sidebar/output/image_vectors/Sprint46.jpg.npy,15
output/USCC_256_sidebar/output/image_vectors/ATT47.jpg.npy,0
output/USCC_256_sidebar/output/image_vectors/ATT257.jpg.npy,18
output/USCC_256_sidebar/output/image_vectors/Verizon92.jpg.npy,11
output/USCC_256_sidebar/output/image_vectors/uscell_new_4.jpg.npy,10
output/USCC_256_sidebar/output/image_vectors/TMobile186.jpg.npy,15
output/USCC_256_sidebar/output/image_vectors/TMobile255.jpg.npy,9
output/USCC_256_sidebar/output/image_vectors/Sprint96.jpg.npy,2
output/USCC_256_sidebar/output/image_vectors/MetroPCS25.jpg.npy,7
output/USCC_256_sidebar/output/image_vectors/Sprint130.jpg.npy,13
output/USCC_256_sidebar/output/image_vectors/USCC239.jpg.npy,8
output/USCC_256_sidebar/output/image_vectors/ATT16.jpg.npy,1
output/USCC_256_sidebar/output/image_vectors/ATT179.jpg.npy,18
output/USCC_256_sidebar/output/image_vectors/USCC127.jpg.npy,13
output/USCC_256_sidebar/output/image_vectors/Verizon122.jpg.npy,4
output/USCC_256_sidebar/output/image_vectors/TMobile163.jpg.npy,18
output/USCC_256_sidebar/output/image_vectors/TMobile3.jpg.npy,9
output/USCC_256_sidebar/output/image_vectors/Sprint60.jpg.npy,3
output/USCC_256_sidebar/output/image_vectors/MetroPCS31.jpg.npy,7
output/USCC_256_sidebar/output/image_vectors/MetroPCS4.jpg.npy,2
output/USCC_256_sidebar/output/image_vectors/MetroPCS88.jpg.npy,7
output/USCC_256_sidebar/output/image_vectors/ATT125.jpg.npy,1
output/USCC_256_sidebar/output/image_vectors/ATT215.jpg.npy,16
output/USCC_256_sidebar/output/image_vectors/MetroPCS111.jpg.npy,12
output/USCC_256_sidebar/output/image_vectors/TMobile5.jpg.npy,12
output/USCC_256_sidebar/output/image_vectors/Sprint47.jpg.npy,15
output/USCC_256_sidebar/output/image_vectors/TMobile311.jpg.npy,9
output/USCC_256_sidebar/output/image_vectors/ATT130.jpg.npy,10
output/USCC_256_sidebar/output/image_vectors/USCC169.jpg.npy,1
output/USCC_256_sidebar/output/image_vectors/USCC24.jpg.npy,15
output/USCC_256_sidebar/output/image_vectors/MetroPCS15.jpg.npy,2
output/USCC_256_sidebar/output/image_vectors/MetroPCS49.jpg.npy,6
output/USCC_256_sidebar/output/image_vectors/TMobile317.jpg.npy,19
output/USCC_256_sidebar/output/image_vectors/ATT83.jpg.npy,2
output/USCC_256_sidebar/output/image_vectors/TMobile338.jpg.npy,9
output/USCC_256_sidebar/output/image_vectors/TMobile147.jpg.npy,18
output/USCC_256_sidebar/output/image_vectors/USCC195.jpg.npy,19
output/USCC_256_sidebar/output/image_vectors/Verizon25.jpg.npy,11
output/USCC_256_sidebar/output/image_vectors/Sprint11.jpg.npy,6
output/USCC_256_sidebar/output/image_vectors/Verizon141.jpg.npy,12
output/USCC_256_sidebar/output/image_vectors/TMobile183.jpg.npy,15
output/USCC_256_sidebar/output/image_vectors/TMobile278.jpg.npy,12
output/USCC_256_sidebar/output/image_vectors/Verizon121.jpg.npy,5
output/USCC_256_sidebar/output/image_vectors/Verizon12.jpg.npy,0
output/USCC_256_sidebar/output/image_vectors/Verizon171.jpg.npy,0
output/USCC_256_sidebar/output/image_vectors/MetroPCS127.jpg.npy,6
output/USCC_256_sidebar/output/image_vectors/ATT169.jpg.npy,16
output/USCC_256_sidebar/output/image_vectors/Sprint152.jpg.npy,10
output/USCC_256_sidebar/output/image_vectors/Verizon109.jpg.npy,8
output/USCC_256_sidebar/output/image_vectors/ATT228.jpg.npy,1
output/USCC_256_sidebar/output/image_vectors/USCC215.jpg.npy,2
output/USCC_256_sidebar/output/image_vectors/TMobile14.jpg.npy,2
output/USCC_256_sidebar/output/image_vectors/Sprint190.jpg.npy,15
output/USCC_256_sidebar/output/image_vectors/TMobile45.jpg.npy,14
output/USCC_256_sidebar/output/image_vectors/ATT183.jpg.npy,13
output/USCC_256_sidebar/output/image_vectors/USCC159.jpg.npy,1
output/USCC_256_sidebar/output/image_vectors/USCC177.jpg.npy,8
output/USCC_256_sidebar/output/image_vectors/TMobile32.jpg.npy,17
output/USCC_256_sidebar/output/image_vectors/USCC67.jpg.npy,13
output/USCC_256_sidebar/output/image_vectors/Sprint75.jpg.npy,12
output/USCC_256_sidebar/output/image_vectors/ATT100.jpg.npy,1
output/USCC_256_sidebar/output/image_vectors/ATT85.jpg.npy,19
output/USCC_256_sidebar/output/image_vectors/USCC172.jpg.npy,13
output/USCC_256_sidebar/output/image_vectors/Verizon102.jpg.npy,2
output/USCC_256_sidebar/output/image_vectors/TMobile57.jpg.npy,2
output/USCC_256_sidebar/output/image_vectors/uscell_new_2.jpg.npy,13
output/USCC_256_sidebar/output/image_vectors/TMobile228.jpg.npy,12
output/USCC_256_sidebar/output/image_vectors/MetroPCS112.jpg.npy,6
output/USCC_256_sidebar/output/image_vectors/MetroPCS74.jpg.npy,12
output/USCC_256_sidebar/output/image_vectors/MetroPCS80.jpg.npy,6
output/USCC_256_sidebar/output/image_vectors/ATT266.jpg.npy,1
output/USCC_256_sidebar/output/image_vectors/USCC148.jpg.npy,10
output/USCC_256_sidebar/output/image_vectors/TMobile218.jpg.npy,15
output/USCC_256_sidebar/output/image_vectors/USCC66.jpg.npy,19
output/USCC_256_sidebar/output/image_vectors/ATT9.jpg.npy,3
output/USCC_256_sidebar/output/image_vectors/TMobile248.jpg.npy,14
output/USCC_256_sidebar/output/image_vectors/USCC77.jpg.npy,13
output/USCC_256_sidebar/output/image_vectors/MetroPCS42.jpg.npy,15
output/USCC_256_sidebar/output/image_vectors/Sprint71.jpg.npy,12
output/USCC_256_sidebar/output/image_vectors/ATT252.jpg.npy,13
output/USCC_256_sidebar/output/image_vectors/ATT205.jpg.npy,1
output/USCC_256_sidebar/output/image_vectors/ATT60.jpg.npy,16
output/USCC_256_sidebar/output/image_vectors/USCC43.jpg.npy,19
output/USCC_256_sidebar/output/image_vectors/USCC155.jpg.npy,4
output/USCC_256_sidebar/output/image_vectors/TMobile138.jpg.npy,15
output/USCC_256_sidebar/output/image_vectors/TMobile56.jpg.npy,17
output/USCC_256_sidebar/output/image_vectors/ATT202.jpg.npy,13
output/USCC_256_sidebar/output/image_vectors/Sprint118.jpg.npy,8
output/USCC_256_sidebar/output/image_vectors/USCC204.jpg.npy,19
output/USCC_256_sidebar/output/image_vectors/Verizon64.jpg.npy,17
output/USCC_256_sidebar/output/image_vectors/Verizon57.jpg.npy,0
output/USCC_256_sidebar/output/image_vectors/Sprint38.jpg.npy,2
output/USCC_256_sidebar/output/image_vectors/MetroPCS24.jpg.npy,12
output/USCC_256_sidebar/output/image_vectors/TMobile38.jpg.npy,18
output/USCC_256_sidebar/output/image_vectors/ATT162.jpg.npy,1
output/USCC_256_sidebar/output/image_vectors/TMobile356.jpg.npy,12
output/USCC_256_sidebar/output/image_vectors/MetroPCS197.jpg.npy,6
output/USCC_256_sidebar/output/image_vectors/ATT170.jpg.npy,1
output/USCC_256_sidebar/output/image_vectors/TMobile212.jpg.npy,1
output/USCC_256_sidebar/output/image_vectors/Verizon148.jpg.npy,8
output/USCC_256_sidebar/output/image_vectors/USCC207.jpg.npy,13
output/USCC_256_sidebar/output/image_vectors/USCC142.jpg.npy,13
output/USCC_256_sidebar/output/image_vectors/MetroPCS73.jpg.npy,7
output/USCC_256_sidebar/output/image_vectors/Verizon53.jpg.npy,5
output/USCC_256_sidebar/output/image_vectors/USCC154.jpg.npy,14
output/USCC_256_sidebar/output/image_vectors/ATT151.jpg.npy,4
output/USCC_256_sidebar/output/image_vectors/Sprint32.jpg.npy,3
output/USCC_256_sidebar/output/image_vectors/TMobile107.jpg.npy,15
output/USCC_256_sidebar/output/image_vectors/TMobile188.jpg.npy,18
output/USCC_256_sidebar/output/image_vectors/USCC224.jpg.npy,4
output/USCC_256_sidebar/output/image_vectors/ATT105.jpg.npy,16
output/USCC_256_sidebar/output/image_vectors/TMobile234.jpg.npy,14
output/USCC_256_sidebar/output/image_vectors/Verizon77.jpg.npy,11
output/USCC_256_sidebar/output/image_vectors/Sprint99.jpg.npy,3
output/USCC_256_sidebar/output/image_vectors/TMobile194.jpg.npy,9
output/USCC_256_sidebar/output/image_vectors/TMobile370.jpg.npy,14
output/USCC_256_sidebar/output/image_vectors/ATT45.jpg.npy,8
output/USCC_256_sidebar/output/image_vectors/TMobile70.jpg.npy,8
output/USCC_256_sidebar/output/image_vectors/TMobile29.jpg.npy,17
output/USCC_256_sidebar/output/image_vectors/MetroPCS54.jpg.npy,2
output/USCC_256_sidebar/output/image_vectors/TMobile352.jpg.npy,9
output/USCC_256_sidebar/output/image_vectors/ATT121.jpg.npy,13
output/USCC_256_sidebar/output/image_vectors/ATT76.jpg.npy,3
output/USCC_256_sidebar/output/image_vectors/MetroPCS156.jpg.npy,19
output/USCC_256_sidebar/output/image_vectors/TMobile229.jpg.npy,15
output/USCC_256_sidebar/output/image_vectors/ATT150.jpg.npy,1
output/USCC_256_sidebar/output/image_vectors/Verizon27.jpg.npy,15
output/USCC_256_sidebar/output/image_vectors/USCC216.jpg.npy,13
output/USCC_256_sidebar/output/image_vectors/ATT264.jpg.npy,1
output/USCC_256_sidebar/output/image_vectors/ATT229.jpg.npy,0
output/USCC_256_sidebar/output/image_vectors/USCC153.jpg.npy,13
output/USCC_256_sidebar/output/image_vectors/TMobile160.jpg.npy,18
output/USCC_256_sidebar/output/image_vectors/Verizon147.jpg.npy,11
output/USCC_256_sidebar/output/image_vectors/USCC47.jpg.npy,4
output/USCC_256_sidebar/output/image_vectors/USCC222.jpg.npy,4
output/USCC_256_sidebar/output/image_vectors/Verizon136.jpg.npy,11
output/USCC_256_sidebar/output/image_vectors/ATT57.jpg.npy,1
output/USCC_256_sidebar/output/image_vectors/TMobile13.jpg.npy,14
output/USCC_256_sidebar/output/image_vectors/MetroPCS92.jpg.npy,6
output/USCC_256_sidebar/output/image_vectors/TMobile177.jpg.npy,18
output/USCC_256_sidebar/output/image_vectors/MetroPCS91.jpg.npy,7
output/USCC_256_sidebar/output/image_vectors/Sprint108.jpg.npy,17
output/USCC_256_sidebar/output/image_vectors/Sprint98.jpg.npy,4
output/USCC_256_sidebar/output/image_vectors/Sprint100.jpg.npy,12
output/USCC_256_sidebar/output/image_vectors/MetroPCS67.jpg.npy,6
output/USCC_256_sidebar/output/image_vectors/ATT91.jpg.npy,1
output/USCC_256_sidebar/output/image_vectors/MetroPCS93.jpg.npy,7
output/USCC_256_sidebar/output/image_vectors/Verizon154.jpg.npy,11
output/USCC_256_sidebar/output/image_vectors/ATT39.jpg.npy,17
output/USCC_256_sidebar/output/image_vectors/uscell_new_26.jpg.npy,19
output/USCC_256_sidebar/output/image_vectors/ATT32.jpg.npy,1
output/USCC_256_sidebar/output/image_vectors/MetroPCS166.jpg.npy,6
output/USCC_256_sidebar/output/image_vectors/Verizon153.jpg.npy,0
output/USCC_256_sidebar/output/image_vectors/TMobile23.jpg.npy,14
output/USCC_256_sidebar/output/image_vectors/TMobile277.jpg.npy,4
output/USCC_256_sidebar/output/image_vectors/TMobile79.jpg.npy,9
output/USCC_256_sidebar/output/image_vectors/MetroPCS154.jpg.npy,9
output/USCC_256_sidebar/output/image_vectors/ATT116.jpg.npy,16
output/USCC_256_sidebar/output/image_vectors/TMobile360.jpg.npy,2
output/USCC_256_sidebar/output/image_vectors/Sprint44.jpg.npy,3
output/USCC_256_sidebar/output/image_vectors/TMobile258.jpg.npy,9
output/USCC_256_sidebar/output/image_vectors/Sprint70.jpg.npy,15
output/USCC_256_sidebar/output/image_vectors/TMobile274.jpg.npy,10
output/USCC_256_sidebar/output/image_vectors/MetroPCS114.jpg.npy,2
output/USCC_256_sidebar/output/image_vectors/Verizon137.jpg.npy,3
output/USCC_256_sidebar/output/image_vectors/TMobile117.jpg.npy,13
output/USCC_256_sidebar/output/image_vectors/MetroPCS47.jpg.npy,18
output/USCC_256_sidebar/output/image_vectors/TMobile116.jpg.npy,14
output/USCC_256_sidebar/output/image_vectors/MetroPCS207.jpg.npy,12
output/USCC_256_sidebar/output/image_vectors/Verizon165.jpg.npy,5
output/USCC_256_sidebar/output/image_vectors/Verizon60.jpg.npy,5
output/USCC_256_sidebar/output/image_vectors/USCC34.jpg.npy,8
output/USCC_256_sidebar/output/image_vectors/USCC58.jpg.npy,4
output/USCC_256_sidebar/output/image_vectors/TMobile109.jpg.npy,12
output/USCC_256_sidebar/output/image_vectors/TMobile327.jpg.npy,19
output/USCC_256_sidebar/output/image_vectors/ATT165.jpg.npy,13
output/USCC_256_sidebar/output/image_vectors/USCC63.jpg.npy,4
output/USCC_256_sidebar/output/image_vectors/MetroPCS182.jpg.npy,7
output/USCC_256_sidebar/output/image_vectors/TMobile193.jpg.npy,14
output/USCC_256_sidebar/output/image_vectors/ATT10.jpg.npy,1
output/USCC_256_sidebar/output/image_vectors/TMobile292.jpg.npy,19
output/USCC_256_sidebar/output/image_vectors/TMobile49.jpg.npy,18
output/USCC_256_sidebar/output/image_vectors/ATT173.jpg.npy,13
output/USCC_256_sidebar/output/image_vectors/MetroPCS188.jpg.npy,15
output/USCC_256_sidebar/output/image_vectors/USCC97.jpg.npy,14
output/USCC_256_sidebar/output/image_vectors/USCC188.jpg.npy,1
output/USCC_256_sidebar/output/image_vectors/MetroPCS113.jpg.npy,7
output/USCC_256_sidebar/output/image_vectors/USCC25.jpg.npy,19
output/USCC_256_sidebar/output/image_vectors/MetroPCS234.jpg.npy,3
output/USCC_256_sidebar/output/image_vectors/Verizon38.jpg.npy,5
output/USCC_256_sidebar/output/image_vectors/ATT24.jpg.npy,16
output/USCC_256_sidebar/output/image_vectors/MetroPCS196.jpg.npy,7
output/USCC_256_sidebar/output/image_vectors/USCC55.jpg.npy,1
output/USCC_256_sidebar/output/image_vectors/Verizon170.jpg.npy,11
output/USCC_256_sidebar/output/image_vectors/ATT269.jpg.npy,8
output/USCC_256_sidebar/output/image_vectors/ATT222.jpg.npy,16
output/USCC_256_sidebar/output/image_vectors/ATT139.jpg.npy,0
output/USCC_256_sidebar/output/image_vectors/Sprint61.jpg.npy,13
output/USCC_256_sidebar/output/image_vectors/Verizon36.jpg.npy,5
output/USCC_256_sidebar/output/image_vectors/Sprint52.jpg.npy,5
output/USCC_256_sidebar/output/image_vectors/Verizon151.jpg.npy,11
output/USCC_256_sidebar/output/image_vectors/Sprint59.jpg.npy,12
output/USCC_256_sidebar/output/image_vectors/MetroPCS56.jpg.npy,18
output/USCC_256_sidebar/output/image_vectors/ATT112.jpg.npy,1
output/USCC_256_sidebar/output/image_vectors/MetroPCS35.jpg.npy,7
output/USCC_256_sidebar/output/image_vectors/MetroPCS141.jpg.npy,2
output/USCC_256_sidebar/output/image_vectors/ATT124.jpg.npy,12
output/USCC_256_sidebar/output/image_vectors/ATT178.jpg.npy,1
output/USCC_256_sidebar/output/image_vectors/MetroPCS89.jpg.npy,7
output/USCC_256_sidebar/output/image_vectors/TMobile373.jpg.npy,1
output/USCC_256_sidebar/output/image_vectors/MetroPCS28.jpg.npy,6
output/USCC_256_sidebar/output/image_vectors/ATT3.jpg.npy,11
output/USCC_256_sidebar/output/image_vectors/TMobile93.jpg.npy,14
output/USCC_256_sidebar/output/image_vectors/ATT149.jpg.npy,1
output/USCC_256_sidebar/output/image_vectors/TMobile54.jpg.npy,4
output/USCC_256_sidebar/output/image_vectors/Sprint125.jpg.npy,15
output/USCC_256_sidebar/output/image_vectors/Sprint25.jpg.npy,13
output/USCC_256_sidebar/output/image_vectors/USCC15.jpg.npy,2
output/USCC_256_sidebar/output/image_vectors/MetroPCS38.jpg.npy,18
output/USCC_256_sidebar/output/image_vectors/MetroPCS30.jpg.npy,2
output/USCC_256_sidebar/output/image_vectors/USCC152.jpg.npy,13
output/USCC_256_sidebar/output/image_vectors/Sprint110.jpg.npy,14
output/USCC_256_sidebar/output/image_vectors/Verizon132.jpg.npy,5
output/USCC_256_sidebar/output/image_vectors/USCC190.jpg.npy,13
output/USCC_256_sidebar/output/image_vectors/USCC236.jpg.npy,19
output/USCC_256_sidebar/output/image_vectors/ATT31.jpg.npy,3
output/USCC_256_sidebar/output/image_vectors/MetroPCS206.jpg.npy,6
output/USCC_256_sidebar/output/image_vectors/Verizon149.jpg.npy,11
output/USCC_256_sidebar/output/image_vectors/USCC49.jpg.npy,4
output/USCC_256_sidebar/output/image_vectors/Sprint127.jpg.npy,15
output/USCC_256_sidebar/output/image_vectors/Sprint169.jpg.npy,17
output/USCC_256_sidebar/output/image_vectors/USCC147.jpg.npy,19
output/USCC_256_sidebar/output/image_vectors/ATT78.jpg.npy,1
output/USCC_256_sidebar/output/image_vectors/TMobile136.jpg.npy,14
output/USCC_256_sidebar/output/image_vectors/MetroPCS84.jpg.npy,6
output/USCC_256_sidebar/output/image_vectors/TMobile232.jpg.npy,12
output/USCC_256_sidebar/output/image_vectors/TMobile244.jpg.npy,18
output/USCC_256_sidebar/output/image_vectors/Verizon13.jpg.npy,8
output/USCC_256_sidebar/output/image_vectors/Sprint165.jpg.npy,12
output/USCC_256_sidebar/output/image_vectors/USCC146.jpg.npy,19
output/USCC_256_sidebar/output/image_vectors/USCC226.jpg.npy,13
output/USCC_256_sidebar/output/image_vectors/TMobile15.jpg.npy,9
output/USCC_256_sidebar/output/image_vectors/USCC27.jpg.npy,13
output/USCC_256_sidebar/output/image_vectors/Verizon11.jpg.npy,15
output/USCC_256_sidebar/output/image_vectors/TMobile224.jpg.npy,12
output/USCC_256_sidebar/output/image_vectors/USCC180.jpg.npy,10
output/USCC_256_sidebar/output/image_vectors/USCC82.jpg.npy,13
output/USCC_256_sidebar/output/image_vectors/ATT208.jpg.npy,16
output/USCC_256_sidebar/output/image_vectors/Verizon135.jpg.npy,11
output/USCC_256_sidebar/output/image_vectors/MetroPCS176.jpg.npy,7
output/USCC_256_sidebar/output/image_vectors/Verizon73.jpg.npy,3
output/USCC_256_sidebar/output/image_vectors/MetroPCS8.jpg.npy,2
output/USCC_256_sidebar/output/image_vectors/TMobile319.jpg.npy,19
output/USCC_256_sidebar/output/image_vectors/TMobile41.jpg.npy,15
output/USCC_256_sidebar/output/image_vectors/TMobile124.jpg.npy,18
output/USCC_256_sidebar/output/image_vectors/Verizon14.jpg.npy,8
output/USCC_256_sidebar/output/image_vectors/USCC23.jpg.npy,16
output/USCC_256_sidebar/output/image_vectors/ATT7.jpg.npy,16
output/USCC_256_sidebar/output/image_vectors/TMobile127.jpg.npy,2
output/USCC_256_sidebar/output/image_vectors/ATT19.jpg.npy,16
output/USCC_256_sidebar/output/image_vectors/ATT188.jpg.npy,16
output/USCC_256_sidebar/output/image_vectors/Verizon80.jpg.npy,11
output/USCC_256_sidebar/output/image_vectors/MetroPCS186.jpg.npy,6
output/USCC_256_sidebar/output/image_vectors/MetroPCS71.jpg.npy,6
output/USCC_256_sidebar/output/image_vectors/USCC88.jpg.npy,10
output/USCC_256_sidebar/output/image_vectors/Sprint2.jpg.npy,15
output/USCC_256_sidebar/output/image_vectors/TMobile59.jpg.npy,8
output/USCC_256_sidebar/output/image_vectors/TMobile164.jpg.npy,9
output/USCC_256_sidebar/output/image_vectors/MetroPCS235.jpg.npy,7
output/USCC_256_sidebar/output/image_vectors/MetroPCS145.jpg.npy,2
output/USCC_256_sidebar/output/image_vectors/ATT54.jpg.npy,2
output/USCC_256_sidebar/output/image_vectors/Verizon8.jpg.npy,0
output/USCC_256_sidebar/output/image_vectors/ATT74.jpg.npy,13
output/USCC_256_sidebar/output/image_vectors/MetroPCS134.jpg.npy,6
output/USCC_256_sidebar/output/image_vectors/TMobile331.jpg.npy,15
output/USCC_256_sidebar/output/image_vectors/TMobile106.jpg.npy,15
output/USCC_256_sidebar/output/image_vectors/ATT135.jpg.npy,16
output/USCC_256_sidebar/output/image_vectors/ATT98.jpg.npy,15
output/USCC_256_sidebar/output/image_vectors/TMobile28.jpg.npy,19
output/USCC_256_sidebar/output/image_vectors/ATT263.jpg.npy,1
output/USCC_256_sidebar/output/image_vectors/Sprint132.jpg.npy,14
output/USCC_256_sidebar/output/image_vectors/MetroPCS226.jpg.npy,2
output/USCC_256_sidebar/output/image_vectors/MetroPCS60.jpg.npy,7
output/USCC_256_sidebar/output/image_vectors/TMobile253.jpg.npy,18
output/USCC_256_sidebar/output/image_vectors/ATT161.jpg.npy,16
output/USCC_256_sidebar/output/image_vectors/TMobile62.jpg.npy,14
output/USCC_256_sidebar/output/image_vectors/ATT206.jpg.npy,2
output/USCC_256_sidebar/output/image_vectors/Sprint143.jpg.npy,12
output/USCC_256_sidebar/output/image_vectors/TMobile169.jpg.npy,9
output/USCC_256_sidebar/output/image_vectors/TMobile220.jpg.npy,14
output/USCC_256_sidebar/output/image_vectors/ATT87.jpg.npy,1
output/USCC_256_sidebar/output/image_vectors/TMobile27.jpg.npy,18
output/USCC_256_sidebar/output/image_vectors/MetroPCS150.jpg.npy,6
output/USCC_256_sidebar/output/image_vectors/Verizon146.jpg.npy,0
output/USCC_256_sidebar/output/image_vectors/MetroPCS32.jpg.npy,17
output/USCC_256_sidebar/output/image_vectors/Sprint136.jpg.npy,3
output/USCC_256_sidebar/output/image_vectors/ATT239.jpg.npy,1
output/USCC_256_sidebar/output/image_vectors/TMobile61.jpg.npy,15
output/USCC_256_sidebar/output/image_vectors/Verizon172.jpg.npy,8
output/USCC_256_sidebar/output/image_vectors/Sprint139.jpg.npy,12
output/USCC_256_sidebar/output/image_vectors/Sprint116.jpg.npy,11
output/USCC_256_sidebar/output/image_vectors/ATT92.jpg.npy,16
output/USCC_256_sidebar/output/image_vectors/TMobile304.jpg.npy,17
output/USCC_256_sidebar/output/image_vectors/MetroPCS12.jpg.npy,2
output/USCC_256_sidebar/output/image_vectors/Sprint123.jpg.npy,6
output/USCC_256_sidebar/output/image_vectors/MetroPCS240.jpg.npy,10
output/USCC_256_sidebar/output/image_vectors/Sprint183.jpg.npy,6
output/USCC_256_sidebar/output/image_vectors/MetroPCS98.jpg.npy,7
output/USCC_256_sidebar/output/image_vectors/Sprint158.jpg.npy,2
output/USCC_256_sidebar/output/image_vectors/Sprint82.jpg.npy,2
output/USCC_256_sidebar/output/image_vectors/Sprint14.jpg.npy,14
output/USCC_256_sidebar/output/image_vectors/Sprint54.jpg.npy,3
output/USCC_256_sidebar/output/image_vectors/TMobile126.jpg.npy,2
output/USCC_256_sidebar/output/image_vectors/Sprint67.jpg.npy,12
output/USCC_256_sidebar/output/image_vectors/USCC8.jpg.npy,4
output/USCC_256_sidebar/output/image_vectors/MetroPCS232.jpg.npy,6
output/USCC_256_sidebar/output/image_vectors/MetroPCS61.jpg.npy,6
output/USCC_256_sidebar/output/image_vectors/MetroPCS215.jpg.npy,0
output/USCC_256_sidebar/output/image_vectors/ATT11.jpg.npy,16
output/USCC_256_sidebar/output/image_vectors/USCC51.jpg.npy,13
output/USCC_256_sidebar/output/image_vectors/USCC126.jpg.npy,4
output/USCC_256_sidebar/output/image_vectors/MetroPCS159.jpg.npy,3
output/USCC_256_sidebar/output/image_vectors/ATT251.jpg.npy,16
output/USCC_256_sidebar/output/image_vectors/Sprint149.jpg.npy,8
output/USCC_256_sidebar/output/image_vectors/MetroPCS195.jpg.npy,6
output/USCC_256_sidebar/output/image_vectors/MetroPCS70.jpg.npy,8
output/USCC_256_sidebar/output/image_vectors/Sprint135.jpg.npy,3
output/USCC_256_sidebar/output/image_vectors/TMobile128.jpg.npy,14
output/USCC_256_sidebar/output/image_vectors/USCC176.jpg.npy,19
output/USCC_256_sidebar/output/image_vectors/MetroPCS193.jpg.npy,7
output/USCC_256_sidebar/output/image_vectors/ATT20.jpg.npy,1
output/USCC_256_sidebar/output/image_vectors/MetroPCS209.jpg.npy,7
output/USCC_256_sidebar/output/image_vectors/USCC1.jpg.npy,13
output/USCC_256_sidebar/output/image_vectors/USCC26.jpg.npy,19
output/USCC_256_sidebar/output/image_vectors/USCC117.jpg.npy,8
output/USCC_256_sidebar/output/image_vectors/USCC41.jpg.npy,13
output/USCC_256_sidebar/output/image_vectors/USCC94.jpg.npy,2
output/USCC_256_sidebar/output/image_vectors/USCC156.jpg.npy,12
output/USCC_256_sidebar/output/image_vectors/ATT152.jpg.npy,16
output/USCC_256_sidebar/output/image_vectors/TMobile148.jpg.npy,14
output/USCC_256_sidebar/output/image_vectors/TMobile372.jpg.npy,13
output/USCC_256_sidebar/output/image_vectors/TMobile139.jpg.npy,14
output/USCC_256_sidebar/output/image_vectors/Verizon99.jpg.npy,0
output/USCC_256_sidebar/output/image_vectors/TMobile204.jpg.npy,17
output/USCC_256_sidebar/output/image_vectors/TMobile71.jpg.npy,14
output/USCC_256_sidebar/output/image_vectors/TMobile150.jpg.npy,0
output/USCC_256_sidebar/output/image_vectors/TMobile114.jpg.npy,18
output/USCC_256_sidebar/output/image_vectors/Verizon156.jpg.npy,11
output/USCC_256_sidebar/output/image_vectors/TMobile307.jpg.npy,9
output/USCC_256_sidebar/output/image_vectors/USCC99.jpg.npy,2
output/USCC_256_sidebar/output/image_vectors/Verizon105.jpg.npy,17
output/USCC_256_sidebar/output/image_vectors/Verizon178.jpg.npy,4
output/USCC_256_sidebar/output/image_vectors/TMobile47.jpg.npy,0
output/USCC_256_sidebar/output/image_vectors/ATT182.jpg.npy,1
output/USCC_256_sidebar/output/image_vectors/USCC217.jpg.npy,13
output/USCC_256_sidebar/output/image_vectors/Sprint166.jpg.npy,0
output/USCC_256_sidebar/output/image_vectors/Sprint26.jpg.npy,19
output/USCC_256_sidebar/output/image_vectors/MetroPCS142.jpg.npy,4
output/USCC_256_sidebar/output/image_vectors/USCC187.jpg.npy,12
output/USCC_256_sidebar/output/image_vectors/ATT89.jpg.npy,16
output/USCC_256_sidebar/output/image_vectors/TMobile31.jpg.npy,18
output/USCC_256_sidebar/output/image_vectors/MetroPCS237.jpg.npy,6
output/USCC_256_sidebar/output/image_vectors/uscell_new_3.jpg.npy,13
output/USCC_256_sidebar/output/image_vectors/TMobile102.jpg.npy,14
output/USCC_256_sidebar/output/image_vectors/TMobile189.jpg.npy,15
output/USCC_256_sidebar/output/image_vectors/uscell_new_25.jpg.npy,8
output/USCC_256_sidebar/output/image_vectors/TMobile80.jpg.npy,12
output/USCC_256_sidebar/output/image_vectors/TMobile335.jpg.npy,8
output/USCC_256_sidebar/output/image_vectors/TMobile302.jpg.npy,9
output/USCC_256_sidebar/output/image_vectors/TMobile18.jpg.npy,17
output/USCC_256_sidebar/output/image_vectors/ATT221.jpg.npy,14
output/USCC_256_sidebar/output/image_vectors/Verizon45.jpg.npy,8
output/USCC_256_sidebar/output/image_vectors/Verizon127.jpg.npy,12
output/USCC_256_sidebar/output/image_vectors/USCC100.jpg.npy,13
output/USCC_256_sidebar/output/image_vectors/TMobile75.jpg.npy,14
output/USCC_256_sidebar/output/image_vectors/ATT172.jpg.npy,19
output/USCC_256_sidebar/output/image_vectors/TMobile246.jpg.npy,18
output/USCC_256_sidebar/output/image_vectors/MetroPCS83.jpg.npy,7
output/USCC_256_sidebar/output/image_vectors/ATT79.jpg.npy,19
output/USCC_256_sidebar/output/image_vectors/ATT167.jpg.npy,13
output/USCC_256_sidebar/output/image_vectors/Verizon78.jpg.npy,3
output/USCC_256_sidebar/output/image_vectors/ATT30.jpg.npy,13
output/USCC_256_sidebar/output/image_vectors/Verizon152.jpg.npy,11
output/USCC_256_sidebar/output/image_vectors/USCC4.jpg.npy,19
output/USCC_256_sidebar/output/image_vectors/Sprint85.jpg.npy,14
output/USCC_256_sidebar/output/image_vectors/Sprint6.jpg.npy,0
output/USCC_256_sidebar/output/image_vectors/TMobile159.jpg.npy,17
output/USCC_256_sidebar/output/image_vectors/ATT127.jpg.npy,1
output/USCC_256_sidebar/output/image_vectors/TMobile39.jpg.npy,9
output/USCC_256_sidebar/output/image_vectors/uscell_new_24.jpg.npy,8
output/USCC_256_sidebar/output/image_vectors/Sprint179.jpg.npy,13
output/USCC_256_sidebar/output/image_vectors/Sprint23.jpg.npy,15
output/USCC_256_sidebar/output/image_vectors/Sprint72.jpg.npy,15
output/USCC_256_sidebar/output/image_vectors/TMobile257.jpg.npy,12
output/USCC_256_sidebar/output/image_vectors/Verizon106.jpg.npy,12
output/USCC_256_sidebar/output/image_vectors/Verizon93.jpg.npy,11
output/USCC_256_sidebar/output/image_vectors/Verizon46.jpg.npy,11
output/USCC_256_sidebar/output/image_vectors/TMobile269.jpg.npy,9
output/USCC_256_sidebar/output/image_vectors/MetroPCS77.jpg.npy,6
output/USCC_256_sidebar/output/image_vectors/MetroPCS173.jpg.npy,18
output/USCC_256_sidebar/output/image_vectors/USCC141.jpg.npy,3
output/USCC_256_sidebar/output/image_vectors/TMobile6.jpg.npy,3
output/USCC_256_sidebar/output/image_vectors/Sprint104.jpg.npy,5
output/USCC_256_sidebar/output/image_vectors/ATT241.jpg.npy,1
output/USCC_256_sidebar/output/image_vectors/TMobile322.jpg.npy,14
output/USCC_256_sidebar/output/image_vectors/USCC22.jpg.npy,12
output/USCC_256_sidebar/output/image_vectors/USCC116.jpg.npy,1
output/USCC_256_sidebar/output/image_vectors/TMobile249.jpg.npy,19
output/USCC_256_sidebar/output/image_vectors/TMobile210.jpg.npy,14
output/USCC_256_sidebar/output/image_vectors/MetroPCS40.jpg.npy,6
output/USCC_256_sidebar/output/image_vectors/USCC87.jpg.npy,12
output/USCC_256_sidebar/output/image_vectors/Verizon117.jpg.npy,11
output/USCC_256_sidebar/output/image_vectors/TMobile174.jpg.npy,15
output/USCC_256_sidebar/output/image_vectors/TMobile215.jpg.npy,10
output/USCC_256_sidebar/output/image_vectors/MetroPCS125.jpg.npy,15
output/USCC_256_sidebar/output/image_vectors/ATT37.jpg.npy,1
output/USCC_256_sidebar/output/image_vectors/TMobile209.jpg.npy,12
output/USCC_256_sidebar/output/image_vectors/Sprint177.jpg.npy,4
output/USCC_256_sidebar/output/image_vectors/ATT42.jpg.npy,8
output/USCC_256_sidebar/output/image_vectors/Verizon59.jpg.npy,0
output/USCC_256_sidebar/output/image_vectors/Verizon118.jpg.npy,12
output/USCC_256_sidebar/output/image_vectors/Verizon89.jpg.npy,4
output/USCC_256_sidebar/output/image_vectors/TMobile21.jpg.npy,13
output/USCC_256_sidebar/output/image_vectors/Sprint58.jpg.npy,2
output/USCC_256_sidebar/output/image_vectors/USCC164.jpg.npy,2
output/USCC_256_sidebar/output/image_vectors/MetroPCS230.jpg.npy,6
output/USCC_256_sidebar/output/image_vectors/TMobile176.jpg.npy,14
output/USCC_256_sidebar/output/image_vectors/ATT250.jpg.npy,15
output/USCC_256_sidebar/output/image_vectors/USCC9.jpg.npy,8
output/USCC_256_sidebar/output/image_vectors/USCC61.jpg.npy,4
output/USCC_256_sidebar/output/image_vectors/TMobile369.jpg.npy,15
output/USCC_256_sidebar/output/image_vectors/TMobile92.jpg.npy,2
output/USCC_256_sidebar/output/image_vectors/ATT12.jpg.npy,1
output/USCC_256_sidebar/output/image_vectors/uscell_new_7.jpg.npy,13
output/USCC_256_sidebar/output/image_vectors/TMobile12.jpg.npy,15
output/USCC_256_sidebar/output/image_vectors/ATT260.jpg.npy,13
output/USCC_256_sidebar/output/image_vectors/USCC81.jpg.npy,4
output/USCC_256_sidebar/output/image_vectors/Verizon24.jpg.npy,0
output/USCC_256_sidebar/output/image_vectors/ATT81.jpg.npy,16
output/USCC_256_sidebar/output/image_vectors/Sprint27.jpg.npy,15
output/USCC_256_sidebar/output/image_vectors/TMobile199.jpg.npy,14
output/USCC_256_sidebar/output/image_vectors/ATT95.jpg.npy,13
output/USCC_256_sidebar/output/image_vectors/TMobile30.jpg.npy,17
output/USCC_256_sidebar/output/image_vectors/USCC44.jpg.npy,8
output/USCC_256_sidebar/output/image_vectors/TMobile24.jpg.npy,9
output/USCC_256_sidebar/output/image_vectors/ATT180.jpg.npy,18
output/USCC_256_sidebar/output/image_vectors/ATT140.jpg.npy,16
output/USCC_256_sidebar/output/image_vectors/USCC93.jpg.npy,2
output/USCC_256_sidebar/output/image_vectors/ATT174.jpg.npy,1
output/USCC_256_sidebar/output/image_vectors/Sprint157.jpg.npy,8
output/USCC_256_sidebar/output/image_vectors/Verizon150.jpg.npy,11
output/USCC_256_sidebar/output/image_vectors/MetroPCS225.jpg.npy,2
output/USCC_256_sidebar/output/image_vectors/TMobile350.jpg.npy,14
output/USCC_256_sidebar/output/image_vectors/ATT145.jpg.npy,1
output/USCC_256_sidebar/output/image_vectors/TMobile376.jpg.npy,14
output/USCC_256_sidebar/output/image_vectors/TMobile175.jpg.npy,12
output/USCC_256_sidebar/output/image_vectors/Sprint65.jpg.npy,15
output/USCC_256_sidebar/output/image_vectors/MetroPCS103.jpg.npy,2
output/USCC_256_sidebar/output/image_vectors/Verizon5.jpg.npy,3
output/USCC_256_sidebar/output/image_vectors/ATT109.jpg.npy,16
output/USCC_256_sidebar/output/image_vectors/TMobile22.jpg.npy,14
output/USCC_256_sidebar/output/image_vectors/USCC178.jpg.npy,2
output/USCC_256_sidebar/output/image_vectors/TMobile243.jpg.npy,1
output/USCC_256_sidebar/output/image_vectors/ATT88.jpg.npy,13
output/USCC_256_sidebar/output/image_vectors/USCC91.jpg.npy,19
output/USCC_256_sidebar/output/image_vectors/ATT258.jpg.npy,2
output/USCC_256_sidebar/output/image_vectors/TMobile118.jpg.npy,2
output/USCC_256_sidebar/output/image_vectors/MetroPCS203.jpg.npy,2
output/USCC_256_sidebar/output/image_vectors/USCC130.jpg.npy,13
output/USCC_256_sidebar/output/image_vectors/Sprint40.jpg.npy,3
output/USCC_256_sidebar/output/image_vectors/USCC123.jpg.npy,13
output/USCC_256_sidebar/output/image_vectors/USCC92.jpg.npy,3
output/USCC_256_sidebar/output/image_vectors/Verizon115.jpg.npy,0
output/USCC_256_sidebar/output/image_vectors/ATT153.jpg.npy,13
output/USCC_256_sidebar/output/image_vectors/ATT209.jpg.npy,1
output/USCC_256_sidebar/output/image_vectors/uscell_new_16.jpg.npy,12
output/USCC_256_sidebar/output/image_vectors/MetroPCS161.jpg.npy,6
output/USCC_256_sidebar/output/image_vectors/ATT48.jpg.npy,1
output/USCC_256_sidebar/output/image_vectors/ATT122.jpg.npy,8
output/USCC_256_sidebar/output/image_vectors/ATT15.jpg.npy,16
output/USCC_256_sidebar/output/image_vectors/MetroPCS106.jpg.npy,6
output/USCC_256_sidebar/output/image_vectors/ATT190.jpg.npy,1
output/USCC_256_sidebar/output/image_vectors/TMobile303.jpg.npy,12
output/USCC_256_sidebar/output/image_vectors/USCC139.jpg.npy,6
output/USCC_256_sidebar/output/image_vectors/Verizon16.jpg.npy,12
output/USCC_256_sidebar/output/image_vectors/Sprint9.jpg.npy,15
output/USCC_256_sidebar/output/image_vectors/ATT159.jpg.npy,15
output/USCC_256_sidebar/output/image_vectors/MetroPCS163.jpg.npy,12
output/USCC_256_sidebar/output/image_vectors/ATT231.jpg.npy,1
output/USCC_256_sidebar/output/image_vectors/ATT255.jpg.npy,2
output/USCC_256_sidebar/output/image_vectors/Sprint76.jpg.npy,0
output/USCC_256_sidebar/output/image_vectors/TMobile310.jpg.npy,13
output/USCC_256_sidebar/output/image_vectors/ATT13.jpg.npy,1
output/USCC_256_sidebar/output/image_vectors/MetroPCS239.jpg.npy,2
output/USCC_256_sidebar/output/image_vectors/Verizon144.jpg.npy,3
output/USCC_256_sidebar/output/image_vectors/Sprint145.jpg.npy,12
output/USCC_256_sidebar/output/image_vectors/ATT236.jpg.npy,13
output/USCC_256_sidebar/output/image_vectors/uscell_new_28.jpg.npy,19
output/USCC_256_sidebar/output/image_vectors/Sprint1.jpg.npy,9
output/USCC_256_sidebar/output/image_vectors/TMobile261.jpg.npy,14
output/USCC_256_sidebar/output/image_vectors/MetroPCS23.jpg.npy,17
output/USCC_256_sidebar/output/image_vectors/MetroPCS27.jpg.npy,6
output/USCC_256_sidebar/output/image_vectors/MetroPCS78.jpg.npy,2
output/USCC_256_sidebar/output/image_vectors/ATT4.jpg.npy,13
output/USCC_256_sidebar/output/image_vectors/Verizon66.jpg.npy,12
output/USCC_256_sidebar/output/image_vectors/MetroPCS36.jpg.npy,4
output/USCC_256_sidebar/output/image_vectors/Sprint155.jpg.npy,15
output/USCC_256_sidebar/output/image_vectors/ATT223.jpg.npy,16
output/USCC_256_sidebar/output/image_vectors/ATT199.jpg.npy,1
output/USCC_256_sidebar/output/image_vectors/MetroPCS65.jpg.npy,7
output/USCC_256_sidebar/output/image_vectors/MetroPCS191.jpg.npy,7
output/USCC_256_sidebar/output/image_vectors/Sprint101.jpg.npy,8
output/USCC_256_sidebar/output/image_vectors/MetroPCS79.jpg.npy,18
output/USCC_256_sidebar/output/image_vectors/Sprint192.jpg.npy,12
output/USCC_256_sidebar/output/image_vectors/Sprint34.jpg.npy,15
output/USCC_256_sidebar/output/image_vectors/Verizon125.jpg.npy,15
output/USCC_256_sidebar/output/image_vectors/MetroPCS6.jpg.npy,18
output/USCC_256_sidebar/output/image_vectors/Sprint107.jpg.npy,12
output/USCC_256_sidebar/output/image_vectors/USCC86.jpg.npy,13
output/USCC_256_sidebar/output/image_vectors/TMobile301.jpg.npy,14
output/USCC_256_sidebar/output/image_vectors/Sprint126.jpg.npy,15
output/USCC_256_sidebar/output/image_vectors/Verizon111.jpg.npy,11
output/USCC_256_sidebar/output/image_vectors/USCC40.jpg.npy,2
output/USCC_256_sidebar/output/image_vectors/ATT90.jpg.npy,16
output/USCC_256_sidebar/output/image_vectors/MetroPCS164.jpg.npy,6
output/USCC_256_sidebar/output/image_vectors/TMobile341.jpg.npy,8
output/USCC_256_sidebar/output/image_vectors/USCC143.jpg.npy,19
output/USCC_256_sidebar/output/image_vectors/MetroPCS171.jpg.npy,2
output/USCC_256_sidebar/output/image_vectors/Verizon104.jpg.npy,11
output/USCC_256_sidebar/output/image_vectors/Verizon58.jpg.npy,4
output/USCC_256_sidebar/output/image_vectors/ATT267.jpg.npy,13
output/USCC_256_sidebar/output/image_vectors/Sprint3.jpg.npy,12
output/USCC_256_sidebar/output/image_vectors/TMobile206.jpg.npy,4
output/USCC_256_sidebar/output/image_vectors/MetroPCS124.jpg.npy,6
output/USCC_256_sidebar/output/image_vectors/USCC45.jpg.npy,2
output/USCC_256_sidebar/output/image_vectors/Sprint117.jpg.npy,12
output/USCC_256_sidebar/output/image_vectors/ATT62.jpg.npy,11
output/USCC_256_sidebar/output/image_vectors/ATT68.jpg.npy,8
output/USCC_256_sidebar/output/image_vectors/ATT58.jpg.npy,3
output/USCC_256_sidebar/output/image_vectors/TMobile89.jpg.npy,18
output/USCC_256_sidebar/output/image_vectors/USCC183.jpg.npy,19
output/USCC_256_sidebar/output/image_vectors/TMobile316.jpg.npy,14
output/USCC_256_sidebar/output/image_vectors/USCC162.jpg.npy,1
output/USCC_256_sidebar/output/image_vectors/TMobile271.jpg.npy,14
output/USCC_256_sidebar/output/image_vectors/MetroPCS208.jpg.npy,0
output/USCC_256_sidebar/output/image_vectors/ATT1.jpg.npy,13
output/USCC_256_sidebar/output/image_vectors/Sprint36.jpg.npy,12
output/USCC_256_sidebar/output/image_vectors/Verizon44.jpg.npy,12
output/USCC_256_sidebar/output/image_vectors/ATT197.jpg.npy,1
output/USCC_256_sidebar/output/image_vectors/Verizon29.jpg.npy,10
output/USCC_256_sidebar/output/image_vectors/TMobile359.jpg.npy,19
output/USCC_256_sidebar/output/image_vectors/TMobile380.jpg.npy,18
output/USCC_256_sidebar/output/image_vectors/Verizon97.jpg.npy,11
output/USCC_256_sidebar/output/image_vectors/Sprint35.jpg.npy,12
output/USCC_256_sidebar/output/image_vectors/ATT43.jpg.npy,9
output/USCC_256_sidebar/output/image_vectors/Verizon74.jpg.npy,11
output/USCC_256_sidebar/output/image_vectors/Sprint97.jpg.npy,12
output/USCC_256_sidebar/output/image_vectors/Verizon142.jpg.npy,11
output/USCC_256_sidebar/output/image_vectors/TMobile247.jpg.npy,14
output/USCC_256_sidebar/output/image_vectors/TMobile141.jpg.npy,12
output/USCC_256_sidebar/output/image_vectors/Sprint10.jpg.npy,4
output/USCC_256_sidebar/output/image_vectors/Verizon9.jpg.npy,12
output/USCC_256_sidebar/output/image_vectors/MetroPCS198.jpg.npy,15
output/USCC_256_sidebar/output/image_vectors/MetroPCS143.jpg.npy,7
output/USCC_256_sidebar/output/image_vectors/Verizon166.jpg.npy,11
output/USCC_256_sidebar/output/image_vectors/USCC74.jpg.npy,4
output/USCC_256_sidebar/output/image_vectors/Verizon61.jpg.npy,2
output/USCC_256_sidebar/output/image_vectors/MetroPCS115.jpg.npy,2
output/USCC_256_sidebar/output/image_vectors/USCC133.jpg.npy,13
output/USCC_256_sidebar/output/image_vectors/Verizon51.jpg.npy,11
output/USCC_256_sidebar/output/image_vectors/ATT268.jpg.npy,2
output/USCC_256_sidebar/output/image_vectors/TMobile108.jpg.npy,19
output/USCC_256_sidebar/output/image_vectors/ATT189.jpg.npy,15
output/USCC_256_sidebar/output/image_vectors/MetroPCS147.jpg.npy,2
output/USCC_256_sidebar/output/image_vectors/Sprint160.jpg.npy,17
output/USCC_256_sidebar/output/image_vectors/TMobile379.jpg.npy,12
output/USCC_256_sidebar/output/image_vectors/ATT211.jpg.npy,8
output/USCC_256_sidebar/output/image_vectors/MetroPCS139.jpg.npy,7
output/USCC_256_sidebar/output/image_vectors/Sprint62.jpg.npy,13
output/USCC_256_sidebar/output/image_vectors/TMobile284.jpg.npy,13
output/USCC_256_sidebar/output/image_vectors/TMobile64.jpg.npy,8
output/USCC_256_sidebar/output/image_vectors/ATT119.jpg.npy,16
output/USCC_256_sidebar/output/image_vectors/TMobile145.jpg.npy,18
output/USCC_256_sidebar/output/image_vectors/ATT33.jpg.npy,16
output/USCC_256_sidebar/output/image_vectors/USCC128.jpg.npy,4
output/USCC_256_sidebar/output/image_vectors/ATT248.jpg.npy,13
output/USCC_256_sidebar/output/image_vectors/TMobile217.jpg.npy,8
output/USCC_256_sidebar/output/image_vectors/TMobile237.jpg.npy,3
output/USCC_256_sidebar/output/image_vectors/TMobile288.jpg.npy,9
output/USCC_256_sidebar/output/image_vectors/Verizon6.jpg.npy,12
output/USCC_256_sidebar/output/image_vectors/Verizon20.jpg.npy,11
output/USCC_256_sidebar/output/image_vectors/USCC149.jpg.npy,4
output/USCC_256_sidebar/output/image_vectors/USCC132.jpg.npy,19
output/USCC_256_sidebar/output/image_vectors/USCC113.jpg.npy,4
output/USCC_256_sidebar/output/image_vectors/USCC228.jpg.npy,4
output/USCC_256_sidebar/output/image_vectors/ATT38.jpg.npy,1
output/USCC_256_sidebar/output/image_vectors/USCC174.jpg.npy,12
output/USCC_256_sidebar/output/image_vectors/USCC218.jpg.npy,13
output/USCC_256_sidebar/output/image_vectors/MetroPCS16.jpg.npy,4
output/USCC_256_sidebar/output/image_vectors/ATT44.jpg.npy,3
output/USCC_256_sidebar/output/image_vectors/TMobile313.jpg.npy,9
output/USCC_256_sidebar/output/image_vectors/TMobile143.jpg.npy,12
output/USCC_256_sidebar/output/image_vectors/TMobile342.jpg.npy,9
output/USCC_256_sidebar/output/image_vectors/TMobile205.jpg.npy,18
output/USCC_256_sidebar/output/image_vectors/MetroPCS17.jpg.npy,7
output/USCC_256_sidebar/output/image_vectors/USCC78.jpg.npy,1
output/USCC_256_sidebar/output/image_vectors/Verizon26.jpg.npy,11
output/USCC_256_sidebar/output/image_vectors/ATT171.jpg.npy,1
output/USCC_256_sidebar/output/image_vectors/Verizon62.jpg.npy,11
output/USCC_256_sidebar/output/image_vectors/ATT77.jpg.npy,1
output/USCC_256_sidebar/output/image_vectors/TMobile137.jpg.npy,14
output/USCC_256_sidebar/output/image_vectors/TMobile125.jpg.npy,2
output/USCC_256_sidebar/output/image_vectors/USCC197.jpg.npy,13
output/USCC_256_sidebar/output/image_vectors/USCC168.jpg.npy,10
output/USCC_256_sidebar/output/image_vectors/USCC16.jpg.npy,13
output/USCC_256_sidebar/output/image_vectors/USCC2.jpg.npy,12
output/USCC_256_sidebar/output/image_vectors/Sprint142.jpg.npy,15
output/USCC_256_sidebar/output/image_vectors/ATT86.jpg.npy,8
output/USCC_256_sidebar/output/image_vectors/TMobile233.jpg.npy,13
output/USCC_256_sidebar/output/image_vectors/ATT72.jpg.npy,16
output/USCC_256_sidebar/output/image_vectors/MetroPCS9.jpg.npy,6
output/USCC_256_sidebar/output/image_vectors/Sprint83.jpg.npy,12
output/USCC_256_sidebar/output/image_vectors/TMobile297.jpg.npy,18
output/USCC_256_sidebar/output/image_vectors/MetroPCS122.jpg.npy,6
output/USCC_256_sidebar/output/image_vectors/TMobile17.jpg.npy,13
output/USCC_256_sidebar/output/image_vectors/ATT108.jpg.npy,13
output/USCC_256_sidebar/output/image_vectors/Sprint168.jpg.npy,3
output/USCC_256_sidebar/output/image_vectors/uscell_new_30.jpg.npy,1
output/USCC_256_sidebar/output/image_vectors/Sprint87.jpg.npy,15
output/USCC_256_sidebar/output/image_vectors/ATT94.jpg.npy,1
output/USCC_256_sidebar/output/image_vectors/USCC110.jpg.npy,13
output/USCC_256_sidebar/output/image_vectors/Sprint64.jpg.npy,3
output/USCC_256_sidebar/output/image_vectors/ATT230.jpg.npy,8
output/USCC_256_sidebar/output/image_vectors/TMobile324.jpg.npy,9
output/USCC_256_sidebar/output/image_vectors/ATT240.jpg.npy,1
output/USCC_256_sidebar/output/image_vectors/MetroPCS109.jpg.npy,2
output/USCC_256_sidebar/output/image_vectors/ATT224.jpg.npy,1
output/USCC_256_sidebar/output/image_vectors/MetroPCS55.jpg.npy,2
output/USCC_256_sidebar/output/image_vectors/ATT218.jpg.npy,13
output/USCC_256_sidebar/output/image_vectors/TMobile354.jpg.npy,9
output/USCC_256_sidebar/output/image_vectors/Verizon100.jpg.npy,0
output/USCC_256_sidebar/output/image_vectors/TMobile35.jpg.npy,9
output/USCC_256_sidebar/output/image_vectors/TMobile4.jpg.npy,8
output/USCC_256_sidebar/output/image_vectors/MetroPCS190.jpg.npy,15
output/USCC_256_sidebar/output/image_vectors/ATT25.jpg.npy,1
output/USCC_256_sidebar/output/image_vectors/MetroPCS117.jpg.npy,6
output/USCC_256_sidebar/output/image_vectors/Verizon160.jpg.npy,0
output/USCC_256_sidebar/output/image_vectors/Sprint176.jpg.npy,12
output/USCC_256_sidebar/output/image_vectors/TMobile7.jpg.npy,13
output/USCC_256_sidebar/output/image_vectors/TMobile357.jpg.npy,1
output/USCC_256_sidebar/output/image_vectors/TMobile293.jpg.npy,4
output/USCC_256_sidebar/output/image_vectors/TMobile140.jpg.npy,14
output/USCC_256_sidebar/output/image_vectors/TMobile46.jpg.npy,9
output/USCC_256_sidebar/output/image_vectors/ATT234.jpg.npy,8
output/USCC_256_sidebar/output/image_vectors/TMobile2.jpg.npy,9
output/USCC_256_sidebar/output/image_vectors/TMobile299.jpg.npy,12
output/USCC_256_sidebar/output/image_vectors/MetroPCS19.jpg.npy,8
output/USCC_256_sidebar/output/image_vectors/TMobile230.jpg.npy,9
output/USCC_256_sidebar/output/image_vectors/Verizon138.jpg.npy,12
output/USCC_256_sidebar/output/image_vectors/Verizon163.jpg.npy,11
output/USCC_256_sidebar/output/image_vectors/MetroPCS136.jpg.npy,6
output/USCC_256_sidebar/output/image_vectors/TMobile81.jpg.npy,8
output/USCC_256_sidebar/output/image_vectors/ATT256.jpg.npy,16
output/USCC_256_sidebar/output/image_vectors/Sprint124.jpg.npy,15
output/USCC_256_sidebar/output/image_vectors/USCC101.jpg.npy,13
output/USCC_256_sidebar/output/image_vectors/TMobile51.jpg.npy,19
output/USCC_256_sidebar/output/image_vectors/USCC202.jpg.npy,19
output/USCC_256_sidebar/output/image_vectors/MetroPCS63.jpg.npy,7
output/USCC_256_sidebar/output/image_vectors/TMobile349.jpg.npy,19
output/USCC_256_sidebar/output/image_vectors/TMobile91.jpg.npy,12
output/USCC_256_sidebar/output/image_vectors/Verizon167.jpg.npy,12
output/USCC_256_sidebar/output/image_vectors/MetroPCS18.jpg.npy,7
output/USCC_256_sidebar/output/image_vectors/MetroPCS120.jpg.npy,6
output/USCC_256_sidebar/output/image_vectors/Sprint91.jpg.npy,12
output/USCC_256_sidebar/output/image_vectors/USCC29.jpg.npy,13
output/USCC_256_sidebar/output/image_vectors/uscell_new_5.jpg.npy,10
output/USCC_256_sidebar/output/image_vectors/Verizon174.jpg.npy,3
output/USCC_256_sidebar/output/image_vectors/Verizon1.jpg.npy,0
output/USCC_256_sidebar/output/image_vectors/MetroPCS96.jpg.npy,6
output/USCC_256_sidebar/output/image_vectors/ATT63.jpg.npy,13
output/USCC_256_sidebar/output/image_vectors/Sprint197.jpg.npy,3
output/USCC_256_sidebar/output/image_vectors/MetroPCS135.jpg.npy,2
output/USCC_256_sidebar/output/image_vectors/USCC69.jpg.npy,8
output/USCC_256_sidebar/output/image_vectors/ATT110.jpg.npy,1
output/USCC_256_sidebar/output/image_vectors/MetroPCS37.jpg.npy,6
output/USCC_256_sidebar/output/image_vectors/ATT69.jpg.npy,16
output/USCC_256_sidebar/output/image_vectors/TMobile251.jpg.npy,19
output/USCC_256_sidebar/output/image_vectors/TMobile239.jpg.npy,13
output/USCC_256_sidebar/output/image_vectors/Verizon175.jpg.npy,11
output/USCC_256_sidebar/output/image_vectors/TMobile157.jpg.npy,9
output/USCC_256_sidebar/output/image_vectors/Verizon94.jpg.npy,11
output/USCC_256_sidebar/output/image_vectors/TMobile361.jpg.npy,4
output/USCC_256_sidebar/output/image_vectors/USCC213.jpg.npy,8
output/USCC_256_sidebar/output/image_vectors/uscell_new_22.jpg.npy,12
output/USCC_256_sidebar/output/image_vectors/ATT232.jpg.npy,19
output/USCC_256_sidebar/output/image_vectors/USCC28.jpg.npy,4
output/USCC_256_sidebar/output/image_vectors/Verizon2.jpg.npy,0
output/USCC_256_sidebar/output/image_vectors/TMobile260.jpg.npy,18
output/USCC_256_sidebar/output/image_vectors/TMobile88.jpg.npy,17
output/USCC_256_sidebar/output/image_vectors/USCC235.jpg.npy,3
output/USCC_256_sidebar/output/image_vectors/Verizon103.jpg.npy,11
output/USCC_256_sidebar/output/image_vectors/USCC5.jpg.npy,8
output/USCC_256_sidebar/output/image_vectors/ATT132.jpg.npy,0
output/USCC_256_sidebar/output/image_vectors/TMobile162.jpg.npy,13
output/USCC_256_sidebar/output/image_vectors/Sprint109.jpg.npy,3
output/USCC_256_sidebar/output/image_vectors/TMobile187.jpg.npy,14
output/USCC_256_sidebar/output/image_vectors/ATT123.jpg.npy,16
output/USCC_256_sidebar/output/image_vectors/ATT237.jpg.npy,16
output/USCC_256_sidebar/output/image_vectors/MetroPCS51.jpg.npy,6
output/USCC_256_sidebar/output/image_vectors/Sprint56.jpg.npy,19
output/USCC_256_sidebar/output/image_vectors/TMobile381.jpg.npy,12
output/USCC_256_sidebar/output/image_vectors/Verizon21.jpg.npy,5
output/USCC_256_sidebar/output/image_vectors/TMobile63.jpg.npy,11
output/USCC_256_sidebar/output/image_vectors/TMobile77.jpg.npy,17
output/USCC_256_sidebar/output/image_vectors/Sprint106.jpg.npy,14
output/USCC_256_sidebar/output/image_vectors/Verizon40.jpg.npy,11
output/USCC_256_sidebar/output/image_vectors/Verizon63.jpg.npy,11
output/USCC_256_sidebar/output/image_vectors/USCC182.jpg.npy,13
output/USCC_256_sidebar/output/image_vectors/USCC112.jpg.npy,13
output/USCC_256_sidebar/output/image_vectors/Verizon3.jpg.npy,15
output/USCC_256_sidebar/output/image_vectors/Sprint28.jpg.npy,0
output/USCC_256_sidebar/output/image_vectors/Sprint90.jpg.npy,2
output/USCC_256_sidebar/output/image_vectors/Verizon116.jpg.npy,11
output/USCC_256_sidebar/output/image_vectors/TMobile40.jpg.npy,9
output/USCC_256_sidebar/output/image_vectors/TMobile133.jpg.npy,9
output/USCC_256_sidebar/output/image_vectors/USCC166.jpg.npy,13
output/USCC_256_sidebar/output/image_vectors/ATT238.jpg.npy,13
output/USCC_256_sidebar/output/image_vectors/TMobile355.jpg.npy,19
output/USCC_256_sidebar/output/image_vectors/TMobile353.jpg.npy,12
output/USCC_256_sidebar/output/image_vectors/Sprint138.jpg.npy,2
output/USCC_256_sidebar/output/image_vectors/MetroPCS10.jpg.npy,2
output/USCC_256_sidebar/output/image_vectors/TMobile200.jpg.npy,1
output/USCC_256_sidebar/output/image_vectors/TMobile19.jpg.npy,18
output/USCC_256_sidebar/output/image_vectors/MetroPCS108.jpg.npy,6
output/USCC_256_sidebar/output/image_vectors/TMobile112.jpg.npy,15
output/USCC_256_sidebar/output/image_vectors/Sprint113.jpg.npy,14
output/USCC_256_sidebar/output/image_vectors/Verizon143.jpg.npy,11
output/USCC_256_sidebar/output/image_vectors/MetroPCS223.jpg.npy,2
output/USCC_256_sidebar/output/image_vectors/MetroPCS64.jpg.npy,6
output/USCC_256_sidebar/output/image_vectors/TMobile195.jpg.npy,19
output/USCC_256_sidebar/output/image_vectors/USCC161.jpg.npy,4
output/USCC_256_sidebar/output/image_vectors/MetroPCS86.jpg.npy,8
output/USCC_256_sidebar/output/image_vectors/USCC240.jpg.npy,19
output/USCC_256_sidebar/output/image_vectors/MetroPCS69.jpg.npy,14
output/USCC_256_sidebar/output/image_vectors/TMobile345.jpg.npy,18
output/USCC_256_sidebar/output/image_vectors/ATT8.jpg.npy,1
output/USCC_256_sidebar/output/image_vectors/TMobile291.jpg.npy,14
output/USCC_256_sidebar/output/image_vectors/Verizon48.jpg.npy,11
output/USCC_256_sidebar/output/image_vectors/ATT163.jpg.npy,1
output/USCC_256_sidebar/output/image_vectors/ATT164.jpg.npy,18
output/USCC_256_sidebar/output/image_vectors/TMobile184.jpg.npy,9
output/USCC_256_sidebar/output/image_vectors/MetroPCS21.jpg.npy,18
output/USCC_256_sidebar/output/image_vectors/uscell_new_6.jpg.npy,10
output/USCC_256_sidebar/output/image_vectors/MetroPCS11.jpg.npy,17
output/USCC_256_sidebar/output/image_vectors/Verizon70.jpg.npy,4
output/USCC_256_sidebar/output/image_vectors/Sprint80.jpg.npy,17
output/USCC_256_sidebar/output/image_vectors/Sprint170.jpg.npy,15
output/USCC_256_sidebar/output/image_vectors/USCC71.jpg.npy,4
output/USCC_256_sidebar/output/image_vectors/TMobile25.jpg.npy,14
output/USCC_256_sidebar/output/image_vectors/Sprint31.jpg.npy,3
output/USCC_256_sidebar/output/image_vectors/ATT193.jpg.npy,8
output/USCC_256_sidebar/output/image_vectors/ATT249.jpg.npy,1
output/USCC_256_sidebar/output/image_vectors/Sprint186.jpg.npy,8
output/USCC_256_sidebar/output/image_vectors/ATT254.jpg.npy,1
output/USCC_256_sidebar/output/image_vectors/Sprint55.jpg.npy,13
output/USCC_256_sidebar/output/image_vectors/ATT49.jpg.npy,15
output/USCC_256_sidebar/output/image_vectors/TMobile374.jpg.npy,14
output/USCC_256_sidebar/output/image_vectors/TMobile312.jpg.npy,9
output/USCC_256_sidebar/output/image_vectors/USCC76.jpg.npy,2
output/USCC_256_sidebar/output/image_vectors/TMobile115.jpg.npy,9
output/USCC_256_sidebar/output/image_vectors/Verizon71.jpg.npy,4
output/USCC_256_sidebar/output/image_vectors/ATT247.jpg.npy,13
output/USCC_256_sidebar/output/image_vectors/ATT71.jpg.npy,5
output/USCC_256_sidebar/output/image_vectors/USCC11.jpg.npy,13
output/USCC_256_sidebar/output/image_vectors/Sprint114.jpg.npy,10
output/USCC_256_sidebar/output/image_vectors/TMobile146.jpg.npy,14
output/USCC_256_sidebar/output/image_vectors/USCC201.jpg.npy,4
output/USCC_256_sidebar/output/image_vectors/Sprint144.jpg.npy,15
output/USCC_256_sidebar/output/image_vectors/uscell_new_20.jpg.npy,12
output/USCC_256_sidebar/output/image_vectors/ATT261.jpg.npy,8
output/USCC_256_sidebar/output/image_vectors/MetroPCS205.jpg.npy,6
output/USCC_256_sidebar/output/image_vectors/MetroPCS95.jpg.npy,7
output/USCC_256_sidebar/output/image_vectors/USCC38.jpg.npy,4
output/USCC_256_sidebar/output/image_vectors/TMobile328.jpg.npy,14
output/USCC_256_sidebar/output/image_vectors/ATT34.jpg.npy,10
output/USCC_256_sidebar/output/image_vectors/TMobile166.jpg.npy,4
output/USCC_256_sidebar/output/image_vectors/TMobile366.jpg.npy,13
output/USCC_256_sidebar/output/image_vectors/MetroPCS43.jpg.npy,15
output/USCC_256_sidebar/output/image_vectors/MetroPCS3.jpg.npy,2
output/USCC_256_sidebar/output/image_vectors/Sprint159.jpg.npy,15
output/USCC_256_sidebar/output/image_vectors/ATT50.jpg.npy,16
output/USCC_256_sidebar/output/image_vectors/Sprint57.jpg.npy,12
output/USCC_256_sidebar/output/image_vectors/ATT82.jpg.npy,1
output/USCC_256_sidebar/output/image_vectors/USCC122.jpg.npy,19
output/USCC_256_sidebar/output/image_vectors/TMobile121.jpg.npy,14
output/USCC_256_sidebar/output/image_vectors/MetroPCS153.jpg.npy,7
output/USCC_256_sidebar/output/image_vectors/USCC21.jpg.npy,13
output/USCC_256_sidebar/output/image_vectors/MetroPCS157.jpg.npy,17
output/USCC_256_sidebar/output/image_vectors/TMobile365.jpg.npy,9
output/USCC_256_sidebar/output/image_vectors/ATT118.jpg.npy,13
output/USCC_256_sidebar/output/image_vectors/ATT61.jpg.npy,1
output/USCC_256_sidebar/output/image_vectors/MetroPCS172.jpg.npy,2
output/USCC_256_sidebar/output/image_vectors/USCC64.jpg.npy,10
output/USCC_256_sidebar/output/image_vectors/TMobile73.jpg.npy,16
output/USCC_256_sidebar/output/image_vectors/ATT138.jpg.npy,0
output/USCC_256_sidebar/output/image_vectors/TMobile161.jpg.npy,15
output/USCC_256_sidebar/output/image_vectors/TMobile266.jpg.npy,9
output/USCC_256_sidebar/output/image_vectors/TMobile340.jpg.npy,14
output/USCC_256_sidebar/output/image_vectors/Sprint119.jpg.npy,15
output/USCC_256_sidebar/output/image_vectors/ATT158.jpg.npy,16
output/USCC_256_sidebar/output/image_vectors/Verizon128.jpg.npy,0
output/USCC_256_sidebar/output/image_vectors/USCC80.jpg.npy,3
output/USCC_256_sidebar/output/image_vectors/ATT168.jpg.npy,16
output/USCC_256_sidebar/output/image_vectors/ATT40.jpg.npy,1
output/USCC_256_sidebar/output/image_vectors/ATT226.jpg.npy,1
output/USCC_256_sidebar/output/image_vectors/Sprint137.jpg.npy,17
output/USCC_256_sidebar/output/image_vectors/USCC84.jpg.npy,4
output/USCC_256_sidebar/output/image_vectors/MetroPCS167.jpg.npy,2
output/USCC_256_sidebar/output/image_vectors/Verizon91.jpg.npy,8
output/USCC_256_sidebar/output/image_vectors/TMobile347.jpg.npy,9
output/USCC_256_sidebar/output/image_vectors/MetroPCS168.jpg.npy,7
output/USCC_256_sidebar/output/image_vectors/Sprint68.jpg.npy,13
output/USCC_256_sidebar/output/image_vectors/MetroPCS228.jpg.npy,6
output/USCC_256_sidebar/output/image_vectors/Verizon177.jpg.npy,8
output/USCC_256_sidebar/output/image_vectors/TMobile181.jpg.npy,15
output/USCC_256_sidebar/output/image_vectors/USCC73.jpg.npy,2
output/USCC_256_sidebar/output/image_vectors/MetroPCS50.jpg.npy,2
output/USCC_256_sidebar/output/image_vectors/Sprint5.jpg.npy,2
output/USCC_256_sidebar/output/image_vectors/MetroPCS179.jpg.npy,7
output/USCC_256_sidebar/output/image_vectors/MetroPCS34.jpg.npy,6
output/USCC_256_sidebar/output/image_vectors/MetroPCS165.jpg.npy,15
output/USCC_256_sidebar/output/image_vectors/USCC171.jpg.npy,12
output/USCC_256_sidebar/output/image_vectors/ATT146.jpg.npy,16
output/USCC_256_sidebar/output/image_vectors/USCC59.jpg.npy,4
output/USCC_256_sidebar/output/image_vectors/ATT235.jpg.npy,1
output/USCC_256_sidebar/output/image_vectors/MetroPCS132.jpg.npy,12
output/USCC_256_sidebar/output/image_vectors/Sprint24.jpg.npy,17
output/USCC_256_sidebar/output/image_vectors/TMobile52.jpg.npy,19
output/USCC_256_sidebar/output/image_vectors/Sprint133.jpg.npy,13
output/USCC_256_sidebar/output/image_vectors/Sprint86.jpg.npy,15
output/USCC_256_sidebar/output/image_vectors/MetroPCS58.jpg.npy,2
output/USCC_256_sidebar/output/image_vectors/Sprint171.jpg.npy,14
output/USCC_256_sidebar/output/image_vectors/Verizon15.jpg.npy,11
output/USCC_256_sidebar/output/image_vectors/MetroPCS46.jpg.npy,6
output/USCC_256_sidebar/output/image_vectors/Verizon98.jpg.npy,11
output/USCC_256_sidebar/output/image_vectors/ATT65.jpg.npy,16
output/USCC_256_sidebar/output/image_vectors/ATT244.jpg.npy,19
output/USCC_256_sidebar/output/image_vectors/ATT84.jpg.npy,1
output/USCC_256_sidebar/output/image_vectors/ATT157.jpg.npy,1
output/USCC_256_sidebar/output/image_vectors/Sprint189.jpg.npy,3
output/USCC_256_sidebar/output/image_vectors/Sprint7.jpg.npy,4
output/USCC_256_sidebar/output/image_vectors/Sprint33.jpg.npy,14
output/USCC_256_sidebar/output/image_vectors/TMobile110.jpg.npy,14
output/USCC_256_sidebar/output/image_vectors/ATT210.jpg.npy,9
output/USCC_256_sidebar/output/image_vectors/ATT114.jpg.npy,11
output/USCC_256_sidebar/output/image_vectors/TMobile134.jpg.npy,18
output/USCC_256_sidebar/output/image_vectors/Sprint48.jpg.npy,0
output/USCC_256_sidebar/output/image_vectors/Sprint41.jpg.npy,3
output/USCC_256_sidebar/output/image_vectors/USCC52.jpg.npy,3
output/USCC_256_sidebar/output/image_vectors/Sprint191.jpg.npy,19
output/USCC_256_sidebar/output/image_vectors/Verizon124.jpg.npy,11
output/USCC_256_sidebar/output/image_vectors/ATT5.jpg.npy,14
output/USCC_256_sidebar/output/image_vectors/Sprint181.jpg.npy,15
output/USCC_256_sidebar/output/image_vectors/Verizon107.jpg.npy,11
output/USCC_256_sidebar/output/image_vectors/USCC144.jpg.npy,2
output/USCC_256_sidebar/output/image_vectors/ATT21.jpg.npy,16
output/USCC_256_sidebar/output/image_vectors/TMobile351.jpg.npy,1
output/USCC_256_sidebar/output/image_vectors/TMobile202.jpg.npy,14
output/USCC_256_sidebar/output/image_vectors/TMobile55.jpg.npy,14
output/USCC_256_sidebar/output/image_vectors/ATT245.jpg.npy,1
output/USCC_256_sidebar/output/image_vectors/TMobile337.jpg.npy,13
output/USCC_256_sidebar/output/image_vectors/TMobile305.jpg.npy,9
output/USCC_256_sidebar/output/image_vectors/USCC56.jpg.npy,13
output/USCC_256_sidebar/output/image_vectors/ATT35.jpg.npy,16
output/USCC_256_sidebar/output/image_vectors/TMobile242.jpg.npy,9
output/USCC_256_sidebar/output/image_vectors/uscell_new_31.jpg.npy,1
output/USCC_256_sidebar/output/image_vectors/Verizon95.jpg.npy,17
output/USCC_256_sidebar/output/image_vectors/TMobile368.jpg.npy,13
output/USCC_256_sidebar/output/image_vectors/USCC165.jpg.npy,19
output/USCC_256_sidebar/output/image_vectors/TMobile50.jpg.npy,17
output/USCC_256_sidebar/output/image_vectors/Verizon39.jpg.npy,3
output/USCC_256_sidebar/output/image_vectors/MetroPCS175.jpg.npy,6
output/USCC_256_sidebar/output/image_vectors/Sprint92.jpg.npy,12
output/USCC_256_sidebar/output/image_vectors/Verizon19.jpg.npy,11
output/USCC_256_sidebar/output/image_vectors/ATT115.jpg.npy,0
output/USCC_256_sidebar/output/image_vectors/uscell_new_9.jpg.npy,13
output/USCC_256_sidebar/output/image_vectors/TMobile294.jpg.npy,19
output/USCC_256_sidebar/output/image_vectors/ATT66.jpg.npy,13
output/USCC_256_sidebar/output/image_vectors/USCC105.jpg.npy,1
output/USCC_256_sidebar/output/image_vectors/Sprint188.jpg.npy,3
output/USCC_256_sidebar/output/image_vectors/USCC125.jpg.npy,4
output/USCC_256_sidebar/output/image_vectors/TMobile111.jpg.npy,15
output/USCC_256_sidebar/output/image_vectors/ATT80.jpg.npy,1
output/USCC_256_sidebar/output/image_vectors/Sprint30.jpg.npy,4
output/USCC_256_sidebar/output/image_vectors/MetroPCS39.jpg.npy,6
output/USCC_256_sidebar/output/image_vectors/MetroPCS229.jpg.npy,6
output/USCC_256_sidebar/output/image_vectors/Sprint146.jpg.npy,6
output/USCC_256_sidebar/output/image_vectors/TMobile48.jpg.npy,18
output/USCC_256_sidebar/output/image_vectors/USCC62.jpg.npy,19
output/USCC_256_sidebar/output/image_vectors/Sprint164.jpg.npy,14
output/USCC_256_sidebar/output/image_vectors/Verizon110.jpg.npy,18
output/USCC_256_sidebar/output/image_vectors/ATT207.jpg.npy,1
output/USCC_256_sidebar/output/image_vectors/TMobile69.jpg.npy,17
output/USCC_256_sidebar/output/image_vectors/USCC60.jpg.npy,4
output/USCC_256_sidebar/output/image_vectors/MetroPCS210.jpg.npy,6
output/USCC_256_sidebar/output/image_vectors/USCC79.jpg.npy,2
output/USCC_256_sidebar/output/image_vectors/USCC108.jpg.npy,4
output/USCC_256_sidebar/output/image_vectors/USCC42.jpg.npy,4
output/USCC_256_sidebar/output/image_vectors/Verizon50.jpg.npy,5
output/USCC_256_sidebar/output/image_vectors/ATT17.jpg.npy,0
output/USCC_256_sidebar/output/image_vectors/ATT227.jpg.npy,17
output/USCC_256_sidebar/output/image_vectors/TMobile84.jpg.npy,15
output/USCC_256_sidebar/output/image_vectors/ATT14.jpg.npy,1
output/USCC_256_sidebar/output/image_vectors/MetroPCS104.jpg.npy,7
